Date,HomeTeam,AwayTeam,FTHG,FTAG
2023-08-04T19:00:00Z,Sheffield Wednesday FC,Southampton FC,1,2
2023-08-05T14:00:00Z,Blackburn Rovers FC,West Bromwich Albion FC,2,1
2023-08-05T14:00:00Z,Bristol City FC,Preston North End FC,1,1
2023-08-05T14:00:00Z,Middlesbrough FC,Millwall FC,0,1
2023-08-05T14:00:00Z,Norwich City FC,Hull City AFC,2,1
2023-08-05T14:00:00Z,Plymouth Argyle FC,Huddersfield Town AFC,3,1
2023-08-05T14:00:00Z,Watford FC,Queens Park Rangers FC,4,0
2023-08-05T14:00:00Z,Stoke City FC,Rotherham United FC,4,1
2023-08-05T14:00:00Z,Swansea City AFC,Birmingham City FC,1,1
2023-08-06T11:00:00Z,Leicester City FC,Coventry City FC,2,1
2023-08-06T13:30:00Z,Leeds United FC,Cardiff City FC,2,2
2023-08-06T16:00:00Z,Sunderland AFC,Ipswich Town FC,1,2
2023-08-12T11:30:00Z,Coventry City FC,Middlesbrough FC,3,0
2023-08-12T14:00:00Z,Birmingham City FC,Leeds United FC,1,0
2023-08-12T14:00:00Z,Cardiff City FC,Queens Park Rangers FC,1,2
2023-08-12T14:00:00Z,Millwall FC,Bristol City FC,0,1
2023-08-12T14:00:00Z,Southampton FC,Norwich City FC,4,4
2023-08-12T14:00:00Z,Watford FC,Plymouth Argyle FC,0,0
2023-08-12T14:00:00Z,Huddersfield Town AFC,Leicester City FC,0,1
2023-08-12T14:00:00Z,Hull City AFC,Sheffield Wednesday FC,4,2
2023-08-12T14:00:00Z,Ipswich Town FC,Stoke City FC,2,0
2023-08-12T14:00:00Z,Preston North End FC,Sunderland AFC,2,1
2023-08-12T14:00:00Z,Rotherham United FC,Blackburn Rovers FC,2,2
2023-08-12T14:00:00Z,West Bromwich Albion FC,Swansea City AFC,3,2
2023-08-18T19:00:00Z,Leeds United FC,West Bromwich Albion FC,1,1
2023-08-19T11:30:00Z,Plymouth Argyle FC,Southampton FC,1,2
2023-08-19T14:00:00Z,Sunderland AFC,Rotherham United FC,2,1
2023-08-19T14:00:00Z,Blackburn Rovers FC,Hull City AFC,1,2
2023-08-19T14:00:00Z,Bristol City FC,Birmingham City FC,0,2
2023-08-19T14:00:00Z,Middlesbrough FC,Huddersfield Town AFC,1,1
2023-08-19T14:00:00Z,Leicester City FC,Cardiff City FC,2,1
2023-08-19T14:00:00Z,Queens Park Rangers FC,Ipswich Town FC,0,1
2023-08-19T14:00:00Z,Sheffield Wednesday FC,Preston North End FC,0,1
2023-08-19T14:00:00Z,Stoke City FC,Watford FC,1,0
2023-08-19T14:00:00Z,Swansea City AFC,Coventry City FC,1,1
2023-08-20T11:00:00Z,Norwich City FC,Millwall FC,3,1
2023-08-25T18:30:00Z,Hull City AFC,Bristol City FC,1,1
2023-08-26T14:00:00Z,Birmingham City FC,Plymouth Argyle FC,2,1
2023-08-26T14:00:00Z,Cardiff City FC,Sheffield Wednesday FC,2,1
2023-08-26T14:00:00Z,Coventry City FC,Sunderland AFC,0,0
2023-08-26T14:00:00Z,Millwall FC,Stoke City FC,1,0
2023-08-26T14:00:00Z,Southampton FC,Queens Park Rangers FC,2,1
2023-08-26T14:00:00Z,Huddersfield Town AFC,Norwich City FC,0,4
2023-08-26T14:00:00Z,Ipswich Town FC,Leeds United FC,3,4
2023-08-26T14:00:00Z,Preston North End FC,Swansea City AFC,2,1
2023-08-26T14:00:00Z,Rotherham United FC,Leicester City FC,1,2
2023-08-26T14:00:00Z,West Bromwich Albion FC,Middlesbrough FC,4,2
2023-08-27T11:00:00Z,Watford FC,Blackburn Rovers FC,0,1
2023-09-02T11:30:00Z,Sunderland AFC,Southampton FC,5,0
2023-09-02T11:30:00Z,Birmingham City FC,Millwall FC,1,1
2023-09-02T11:30:00Z,Swansea City AFC,Bristol City FC,1,2
2023-09-02T14:00:00Z,Coventry City FC,Watford FC,3,3
2023-09-02T14:00:00Z,Middlesbrough FC,Queens Park Rangers FC,0,2
2023-09-02T14:00:00Z,Ipswich Town FC,Cardiff City FC,3,2
2023-09-02T14:00:00Z,Leeds United FC,Sheffield Wednesday FC,0,0
2023-09-02T14:00:00Z,Leicester City FC,Hull City AFC,0,1
2023-09-02T14:00:00Z,Plymouth Argyle FC,Blackburn Rovers FC,3,0
2023-09-02T14:00:00Z,Rotherham United FC,Norwich City FC,2,1
2023-09-02T14:00:00Z,Stoke City FC,Preston North End FC,0,2
2023-09-02T14:00:00Z,West Bromwich Albion FC,Huddersfield Town AFC,1,2
2023-09-15T18:45:00Z,Hull City AFC,Coventry City FC,1,1
2023-09-15T19:00:00Z,Southampton FC,Leicester City FC,1,4
2023-09-16T14:00:00Z,Bristol City FC,West Bromwich Albion FC,0,0
2023-09-16T14:00:00Z,Watford FC,Birmingham City FC,2,0
2023-09-16T14:00:00Z,Huddersfield Town AFC,Rotherham United FC,2,0
2023-09-16T14:00:00Z,Norwich City FC,Stoke City FC,1,0
2023-09-16T14:00:00Z,Preston North End FC,Plymouth Argyle FC,2,1
2023-09-16T14:00:00Z,Queens Park Rangers FC,Sunderland AFC,1,3
2023-09-16T14:00:00Z,Sheffield Wednesday FC,Ipswich Town FC,0,1
2023-09-16T14:00:00Z,Blackburn Rovers FC,Middlesbrough FC,2,1
2023-09-16T18:45:00Z,Cardiff City FC,Swansea City AFC,2,0
2023-09-17T11:00:00Z,Millwall FC,Leeds United FC,0,3
2023-09-19T18:45:00Z,Bristol City FC,Plymouth Argyle FC,4,1
2023-09-19T18:45:00Z,Cardiff City FC,Coventry City FC,3,2
2023-09-19T18:45:00Z,Southampton FC,Ipswich Town FC,0,1
2023-09-19T18:45:00Z,Preston North End FC,Birmingham City FC,2,1
2023-09-19T18:45:00Z,Queens Park Rangers FC,Swansea City AFC,1,1
2023-09-19T19:00:00Z,Sheffield Wednesday FC,Middlesbrough FC,1,1
2023-09-20T18:45:00Z,Blackburn Rovers FC,Sunderland AFC,1,3
2023-09-20T18:45:00Z,Millwall FC,Rotherham United FC,3,0
2023-09-20T18:45:00Z,Watford FC,West Bromwich Albion FC,2,2
2023-09-20T18:45:00Z,Huddersfield Town AFC,Stoke City FC,2,2
2023-09-20T18:45:00Z,Hull City AFC,Leeds United FC,0,0
2023-09-20T19:00:00Z,Norwich City FC,Leicester City FC,0,2
2023-09-22T19:00:00Z,Birmingham City FC,Queens Park Rangers FC,0,0
2023-09-23T14:00:00Z,Middlesbrough FC,Southampton FC,2,1
2023-09-23T14:00:00Z,Ipswich Town FC,Blackburn Rovers FC,4,3
2023-09-23T14:00:00Z,Leeds United FC,Watford FC,3,0
2023-09-23T14:00:00Z,Leicester City FC,Bristol City FC,1,0
2023-09-23T14:00:00Z,Plymouth Argyle FC,Norwich City FC,6,2
2023-09-23T14:00:00Z,Rotherham United FC,Preston North End FC,1,1
2023-09-23T14:00:00Z,Swansea City AFC,Sheffield Wednesday FC,3,0
2023-09-23T14:00:00Z,West Bromwich Albion FC,Millwall FC,0,0
2023-09-24T11:00:00Z,Stoke City FC,Hull City AFC,1,3
2023-09-24T14:00:00Z,Sunderland AFC,Cardiff City FC,0,1
2023-09-25T19:00:00Z,Coventry City FC,Huddersfield Town AFC,1,1
2023-09-29T19:00:00Z,Sheffield Wednesday FC,Sunderland AFC,0,3
2023-09-30T11:30:00Z,Southampton FC,Leeds United FC,3,1
2023-09-30T14:00:00Z,Millwall FC,Swansea City AFC,0,3
2023-09-30T14:00:00Z,Bristol City FC,Stoke City FC,2,3
2023-09-30T14:00:00Z,Cardiff City FC,Rotherham United FC,2,0
2023-09-30T14:00:00Z,Watford FC,Middlesbrough FC,2,3
2023-09-30T14:00:00Z,Huddersfield Town AFC,Ipswich Town FC,1,1
2023-09-30T14:00:00Z,Hull City AFC,Plymouth Argyle FC,1,1
2023-09-30T14:00:00Z,Norwich City FC,Birmingham City FC,2,0
2023-09-30T14:00:00Z,Preston North End FC,West Bromwich Albion FC,0,4
2023-09-30T14:00:00Z,Queens Park Rangers FC,Coventry City FC,1,3
2023-10-01T11:00:00Z,Blackburn Rovers FC,Leicester City FC,1,4
2023-10-03T18:45:00Z,Birmingham City FC,Huddersfield Town AFC,4,1
2023-10-03T18:45:00Z,Middlesbrough FC,Cardiff City FC,2,0
2023-10-03T18:45:00Z,Ipswich Town FC,Hull City AFC,3,0
2023-10-03T18:45:00Z,Plymouth Argyle FC,Millwall FC,0,2
2023-10-03T19:00:00Z,Stoke City FC,Southampton FC,0,1
2023-10-03T19:00:00Z,West Bromwich Albion FC,Sheffield Wednesday FC,1,0
2023-10-04T18:45:00Z,Sunderland AFC,Watford FC,2,0
2023-10-04T18:45:00Z,Coventry City FC,Blackburn Rovers FC,1,0
2023-10-04T18:45:00Z,Leeds United FC,Queens Park Rangers FC,1,0
2023-10-04T18:45:00Z,Leicester City FC,Preston North End FC,3,0
2023-10-04T18:45:00Z,Swansea City AFC,Norwich City FC,2,1
2023-10-04T19:00:00Z,Rotherham United FC,Bristol City FC,1,2
2023-10-06T19:00:00Z,Birmingham City FC,West Bromwich Albion FC,3,1
2023-10-07T11:30:00Z,Sunderland AFC,Middlesbrough FC,0,4
2023-10-07T14:00:00Z,Cardiff City FC,Watford FC,1,1
2023-10-07T14:00:00Z,Coventry City FC,Norwich City FC,1,1
2023-10-07T14:00:00Z,Millwall FC,Hull City AFC,2,2
2023-10-07T14:00:00Z,Southampton FC,Rotherham United FC,1,1
2023-10-07T14:00:00Z,Ipswich Town FC,Preston North End FC,4,2
2023-10-07T14:00:00Z,Leeds United FC,Bristol City FC,2,1
2023-10-07T14:00:00Z,Leicester City FC,Stoke City FC,2,0
2023-10-07T14:00:00Z,Plymouth Argyle FC,Swansea City AFC,1,3
2023-10-07T14:00:00Z,Queens Park Rangers FC,Blackburn Rovers FC,0,4
2023-10-07T14:00:00Z,Sheffield Wednesday FC,Huddersfield Town AFC,0,0
2023-10-21T11:30:00Z,Preston North End FC,Millwall FC,1,1
2023-10-21T14:00:00Z,Blackburn Rovers FC,Cardiff City FC,1,0
2023-10-21T14:00:00Z,Bristol City FC,Coventry City FC,1,0
2023-10-21T14:00:00Z,Middlesbrough FC,Birmingham City FC,1,0
2023-10-21T14:00:00Z,Watford FC,Sheffield Wednesday FC,1,0
2023-10-21T14:00:00Z,Huddersfield Town AFC,Queens Park Rangers FC,2,1
2023-10-21T14:00:00Z,Hull City AFC,Southampton FC,1,2
2023-10-21T14:00:00Z,Norwich City FC,Leeds United FC,2,3
2023-10-21T14:00:00Z,Stoke City FC,Sunderland AFC,2,1
2023-10-21T14:00:00Z,Swansea City AFC,Leicester City FC,1,3
2023-10-21T14:00:00Z,West Bromwich Albion FC,Plymouth Argyle FC,0,0
2023-10-24T18:45:00Z,Millwall FC,Blackburn Rovers FC,1,2
2023-10-24T18:45:00Z,Huddersfield Town AFC,Cardiff City FC,0,4
2023-10-24T18:45:00Z,Norwich City FC,Middlesbrough FC,1,2
2023-10-24T18:45:00Z,Swansea City AFC,Watford FC,0,1
2023-10-24T19:00:00Z,Leicester City FC,Sunderland AFC,1,0
2023-10-24T19:00:00Z,West Bromwich Albion FC,Queens Park Rangers FC,2,0
2023-10-25T18:45:00Z,Birmingham City FC,Hull City AFC,0,2
2023-10-25T18:45:00Z,Bristol City FC,Ipswich Town FC,0,1
2023-10-25T18:45:00Z,Plymouth Argyle FC,Sheffield Wednesday FC,3,0
2023-10-25T18:45:00Z,Preston North End FC,Southampton FC,2,2
2023-10-25T18:45:00Z,Rotherham United FC,Coventry City FC,2,0
2023-10-25T19:00:00Z,Stoke City FC,Leeds United FC,1,0
2023-10-28T11:30:00Z,Southampton FC,Birmingham City FC,3,1
2023-10-28T11:30:00Z,Leeds United FC,Huddersfield Town AFC,4,1
2023-10-28T14:00:00Z,Sunderland AFC,Norwich City FC,3,1
2023-10-28T14:00:00Z,Blackburn Rovers FC,Swansea City AFC,0,1
2023-10-28T14:00:00Z,Cardiff City FC,Bristol City FC,2,0
2023-10-28T14:00:00Z,Middlesbrough FC,Stoke City FC,0,2
2023-10-28T14:00:00Z,Watford FC,Millwall FC,2,2
2023-10-28T14:00:00Z,Hull City AFC,Preston North End FC,1,0
2023-10-28T14:00:00Z,Ipswich Town FC,Plymouth Argyle FC,3,2
2023-10-28T14:00:00Z,Queens Park Rangers FC,Leicester City FC,1,2
2023-10-29T13:00:00Z,Sheffield Wednesday FC,Rotherham United FC,2,0
2023-10-30T20:00:00Z,Coventry City FC,West Bromwich Albion FC,0,2
2023-11-03T20:00:00Z,Leicester City FC,Leeds United FC,0,1
2023-11-04T15:00:00Z,Birmingham City FC,Ipswich Town FC,2,2
2023-11-04T15:00:00Z,Bristol City FC,Sheffield Wednesday FC,1,0
2023-11-04T15:00:00Z,Millwall FC,Southampton FC,0,1
2023-11-04T15:00:00Z,Huddersfield Town AFC,Watford FC,0,0
2023-11-04T15:00:00Z,Plymouth Argyle FC,Middlesbrough FC,3,3
2023-11-04T15:00:00Z,Preston North End FC,Coventry City FC,3,2
2023-11-04T15:00:00Z,Rotherham United FC,Queens Park Rangers FC,1,1
2023-11-04T15:00:00Z,Stoke City FC,Cardiff City FC,0,0
2023-11-04T15:00:00Z,Swansea City AFC,Sunderland AFC,0,0
2023-11-04T15:00:00Z,West Bromwich Albion FC,Hull City AFC,3,1
2023-11-05T12:00:00Z,Norwich City FC,Blackburn Rovers FC,1,3
2023-11-07T20:00:00Z,Rotherham United FC,Ipswich Town FC,2,2
2023-11-10T20:00:00Z,Blackburn Rovers FC,Preston North End FC,1,2
2023-11-11T12:30:00Z,Sunderland AFC,Birmingham City FC,3,1
2023-11-11T15:00:00Z,Cardiff City FC,Norwich City FC,2,3
2023-11-11T15:00:00Z,Coventry City FC,Stoke City FC,0,0
2023-11-11T15:00:00Z,Middlesbrough FC,Leicester City FC,1,0
2023-11-11T15:00:00Z,Southampton FC,West Bromwich Albion FC,2,1
2023-11-11T15:00:00Z,Watford FC,Rotherham United FC,5,0
2023-11-11T15:00:00Z,Hull City AFC,Huddersfield Town AFC,1,0
2023-11-11T15:00:00Z,Ipswich Town FC,Swansea City AFC,3,2
2023-11-11T15:00:00Z,Leeds United FC,Plymouth Argyle FC,2,1
2023-11-11T15:00:00Z,Queens Park Rangers FC,Bristol City FC,0,0
2023-11-11T15:00:00Z,Sheffield Wednesday FC,Millwall FC,0,4
2023-11-24T20:00:00Z,Rotherham United FC,Leeds United FC,1,1
2023-11-25T15:00:00Z,Birmingham City FC,Sheffield Wednesday FC,2,1
2023-11-25T15:00:00Z,Bristol City FC,Middlesbrough FC,3,2
2023-11-25T15:00:00Z,Millwall FC,Coventry City FC,0,3
2023-11-25T15:00:00Z,Huddersfield Town AFC,Southampton FC,1,1
2023-11-25T15:00:00Z,Leicester City FC,Watford FC,2,0
2023-11-25T15:00:00Z,Norwich City FC,Queens Park Rangers FC,1,0
2023-11-25T15:00:00Z,Plymouth Argyle FC,Sunderland AFC,2,0
2023-11-25T15:00:00Z,Preston North End FC,Cardiff City FC,1,2
2023-11-25T15:00:00Z,Stoke City FC,Blackburn Rovers FC,0,3
2023-11-25T15:00:00Z,Swansea City AFC,Hull City AFC,2,2
2023-11-25T17:30:00Z,West Bromwich Albion FC,Ipswich Town FC,2,0
2023-11-28T19:45:00Z,Cardiff City FC,West Bromwich Albion FC,0,1
2023-11-28T19:45:00Z,Coventry City FC,Plymouth Argyle FC,1,0
2023-11-28T19:45:00Z,Middlesbrough FC,Preston North End FC,4,0
2023-11-28T19:45:00Z,Hull City AFC,Rotherham United FC,4,1
2023-11-28T19:45:00Z,Queens Park Rangers FC,Stoke City FC,4,2
2023-11-28T20:00:00Z,Watford FC,Norwich City FC,3,2
2023-11-29T19:45:00Z,Sunderland AFC,Huddersfield Town AFC,1,2
2023-11-29T19:45:00Z,Blackburn Rovers FC,Birmingham City FC,4,2
2023-11-29T19:45:00Z,Southampton FC,Bristol City FC,1,0
2023-11-29T19:45:00Z,Leeds United FC,Swansea City AFC,3,1
2023-11-29T19:45:00Z,Sheffield Wednesday FC,Leicester City FC,1,1
2023-11-29T20:00:00Z,Ipswich Town FC,Millwall FC,3,1
2023-12-01T20:00:00Z,Preston North End FC,Queens Park Rangers FC,0,2
2023-12-02T12:30:00Z,West Bromwich Albion FC,Leicester City FC,1,2
2023-12-02T15:00:00Z,Birmingham City FC,Rotherham United FC,0,0
2023-12-02T15:00:00Z,Millwall FC,Sunderland AFC,1,1
2023-12-02T15:00:00Z,Southampton FC,Cardiff City FC,2,0
2023-12-02T15:00:00Z,Hull City AFC,Watford FC,1,2
2023-12-02T15:00:00Z,Ipswich Town FC,Coventry City FC,2,1
2023-12-02T15:00:00Z,Leeds United FC,Middlesbrough FC,3,2
2023-12-02T15:00:00Z,Plymouth Argyle FC,Stoke City FC,2,1
2023-12-02T15:00:00Z,Sheffield Wednesday FC,Blackburn Rovers FC,3,1
2023-12-02T15:00:00Z,Swansea City AFC,Huddersfield Town AFC,1,1
2023-12-03T13:30:00Z,Bristol City FC,Norwich City FC,1,2
2023-12-08T20:00:00Z,Coventry City FC,Birmingham City FC,2,0
2023-12-09T12:30:00Z,Sunderland AFC,West Bromwich Albion FC,2,1
2023-12-09T12:30:00Z,Blackburn Rovers FC,Leeds United FC,0,2
2023-12-09T15:00:00Z,Cardiff City FC,Millwall FC,1,0
2023-12-09T15:00:00Z,Middlesbrough FC,Ipswich Town FC,0,2
2023-12-09T15:00:00Z,Watford FC,Southampton FC,1,1
2023-12-09T15:00:00Z,Huddersfield Town AFC,Bristol City FC,1,1
2023-12-09T15:00:00Z,Leicester City FC,Plymouth Argyle FC,4,0
2023-12-09T15:00:00Z,Norwich City FC,Preston North End FC,0,0
2023-12-09T15:00:00Z,Queens Park Rangers FC,Hull City AFC,2,0
2023-12-09T15:00:00Z,Rotherham United FC,Swansea City AFC,1,2
2023-12-09T15:00:00Z,Stoke City FC,Sheffield Wednesday FC,0,1
2023-12-12T19:45:00Z,Blackburn Rovers FC,Bristol City FC,2,1
2023-12-12T19:45:00Z,Watford FC,Ipswich Town FC,1,2
2023-12-12T19:45:00Z,Huddersfield Town AFC,Preston North End FC,1,3
2023-12-12T19:45:00Z,Rotherham United FC,West Bromwich Albion FC,0,2
2023-12-12T19:45:00Z,Stoke City FC,Swansea City AFC,1,1
2023-12-12T20:00:00Z,Sunderland AFC,Leeds United FC,1,0
2023-12-13T19:45:00Z,Cardiff City FC,Birmingham City FC,0,1
2023-12-13T19:45:00Z,Coventry City FC,Southampton FC,1,1
2023-12-13T19:45:00Z,Leicester City FC,Millwall FC,3,2
2023-12-13T19:45:00Z,Norwich City FC,Sheffield Wednesday FC,3,1
2023-12-13T19:45:00Z,Queens Park Rangers FC,Plymouth Argyle FC,0,0
2023-12-13T20:00:00Z,Middlesbrough FC,Hull City AFC,1,2
2023-12-16T12:30:00Z,Ipswich Town FC,Norwich City FC,2,2
2023-12-16T15:00:00Z,Bristol City FC,Sunderland AFC,1,0
2023-12-16T15:00:00Z,Millwall FC,Huddersfield Town AFC,1,1
2023-12-16T15:00:00Z,Southampton FC,Blackburn Rovers FC,4,0
2023-12-16T15:00:00Z,Hull City AFC,Cardiff City FC,3,0
2023-12-16T15:00:00Z,Leeds United FC,Coventry City FC,1,1
2023-12-16T15:00:00Z,Plymouth Argyle FC,Rotherham United FC,3,2
2023-12-16T15:00:00Z,Preston North End FC,Watford FC,1,5
2023-12-16T15:00:00Z,Sheffield Wednesday FC,Queens Park Rangers FC,2,1
2023-12-16T15:00:00Z,Swansea City AFC,Middlesbrough FC,1,2
2023-12-17T12:00:00Z,West Bromwich Albion FC,Stoke City FC,1,1
2023-12-18T20:00:00Z,Birmingham City FC,Leicester City FC,2,3
2023-12-22T19:45:00Z,Bristol City FC,Hull City AFC,3,2
2023-12-22T19:45:00Z,Swansea City AFC,Preston North End FC,2,1
2023-12-23T12:30:00Z,Leeds United FC,Ipswich Town FC,4,0
2023-12-23T15:00:00Z,Sunderland AFC,Coventry City FC,0,3
2023-12-23T15:00:00Z,Blackburn Rovers FC,Watford FC,1,2
2023-12-23T15:00:00Z,Middlesbrough FC,West Bromwich Albion FC,1,0
2023-12-23T15:00:00Z,Leicester City FC,Rotherham United FC,3,0
2023-12-23T15:00:00Z,Norwich City FC,Huddersfield Town AFC,2,0
2023-12-23T15:00:00Z,Plymouth Argyle FC,Birmingham City FC,3,3
2023-12-23T15:00:00Z,Queens Park Rangers FC,Southampton FC,0,1
2023-12-23T15:00:00Z,Sheffield Wednesday FC,Cardiff City FC,1,2
2023-12-23T15:00:00Z,Stoke City FC,Millwall FC,0,0
2023-12-26T12:30:00Z,Preston North End FC,Leeds United FC,2,1
2023-12-26T13:00:00Z,Millwall FC,Queens Park Rangers FC,2,0
2023-12-26T15:00:00Z,Cardiff City FC,Plymouth Argyle FC,2,2
2023-12-26T15:00:00Z,Coventry City FC,Sheffield Wednesday FC,2,0
2023-12-26T15:00:00Z,Southampton FC,Swansea City AFC,5,0
2023-12-26T15:00:00Z,Watford FC,Bristol City FC,1,4
2023-12-26T15:00:00Z,Huddersfield Town AFC,Blackburn Rovers FC,3,0
2023-12-26T15:00:00Z,Hull City AFC,Sunderland AFC,0,1
2023-12-26T15:00:00Z,Rotherham United FC,Middlesbrough FC,1,0
2023-12-26T15:00:00Z,West Bromwich Albion FC,Norwich City FC,1,0
2023-12-26T17:15:00Z,Birmingham City FC,Stoke City FC,1,3
2023-12-26T19:45:00Z,Ipswich Town FC,Leicester City FC,1,1
2023-12-29T18:00:00Z,Southampton FC,Plymouth Argyle FC,2,1
2023-12-29T19:45:00Z,Birmingham City FC,Bristol City FC,0,0
2023-12-29T19:45:00Z,Cardiff City FC,Leicester City FC,0,2
2023-12-29T19:45:00Z,Coventry City FC,Swansea City AFC,2,2
2023-12-29T19:45:00Z,Millwall FC,Norwich City FC,1,0
2023-12-29T19:45:00Z,Watford FC,Stoke City FC,1,1
2023-12-29T19:45:00Z,Huddersfield Town AFC,Middlesbrough FC,1,2
2023-12-29T19:45:00Z,Hull City AFC,Blackburn Rovers FC,3,2
2023-12-29T19:45:00Z,Ipswich Town FC,Queens Park Rangers FC,0,0
2023-12-29T19:45:00Z,Preston North End FC,Sheffield Wednesday FC,0,1
2023-12-29T19:45:00Z,Rotherham United FC,Sunderland AFC,1,1
2023-12-29T20:15:00Z,West Bromwich Albion FC,Leeds United FC,1,0
2024-01-01T12:30:00Z,Sunderland AFC,Preston North End FC,2,0
2024-01-01T15:00:00Z,Blackburn Rovers FC,Rotherham United FC,2,2
2024-01-01T15:00:00Z,Bristol City FC,Millwall FC,0,1
2024-01-01T15:00:00Z,Middlesbrough FC,Coventry City FC,1,3
2024-01-01T15:00:00Z,Leeds United FC,Birmingham City FC,3,0
2024-01-01T15:00:00Z,Leicester City FC,Huddersfield Town AFC,4,1
2024-01-01T15:00:00Z,Norwich City FC,Southampton FC,1,1
2024-01-01T15:00:00Z,Plymouth Argyle FC,Watford FC,3,3
2024-01-01T15:00:00Z,Queens Park Rangers FC,Cardiff City FC,1,2
2024-01-01T15:00:00Z,Stoke City FC,Ipswich Town FC,0,0
2024-01-01T15:00:00Z,Swansea City AFC,West Bromwich Albion FC,1,0
2024-01-01T17:15:00Z,Sheffield Wednesday FC,Hull City AFC,3,1
2024-01-12T20:00:00Z,Hull City AFC,Norwich City FC,1,2
2024-01-13T12:30:00Z,Coventry City FC,Leicester City FC,3,1
2024-01-13T15:00:00Z,Huddersfield Town AFC,Plymouth Argyle FC,1,1
2024-01-13T15:00:00Z,Preston North End FC,Bristol City FC,2,0
2024-01-13T15:00:00Z,Rotherham United FC,Stoke City FC,0,1
2024-01-13T15:00:00Z,West Bromwich Albion FC,Blackburn Rovers FC,4,1
2024-01-13T15:00:00Z,Birmingham City FC,Swansea City AFC,2,2
2024-01-13T15:00:00Z,Cardiff City FC,Leeds United FC,0,3
2024-01-13T15:00:00Z,Millwall FC,Middlesbrough FC,1,3
2024-01-13T15:00:00Z,Southampton FC,Sheffield Wednesday FC,4,0
2024-01-13T17:30:00Z,Ipswich Town FC,Sunderland AFC,2,1
2024-01-14T12:00:00Z,Queens Park Rangers FC,Watford FC,1,2
2024-01-19T20:00:00Z,Sunderland AFC,Hull City AFC,0,1
2024-01-20T12:30:00Z,Swansea City AFC,Southampton FC,1,3
2024-01-20T15:00:00Z,Blackburn Rovers FC,Huddersfield Town AFC,1,1
2024-01-20T15:00:00Z,Bristol City FC,Watford FC,1,1
2024-01-20T15:00:00Z,Middlesbrough FC,Rotherham United FC,1,1
2024-01-20T15:00:00Z,Norwich City FC,West Bromwich Albion FC,2,0
2024-01-20T15:00:00Z,Plymouth Argyle FC,Cardiff City FC,3,1
2024-01-20T15:00:00Z,Queens Park Rangers FC,Millwall FC,2,0
2024-01-20T15:00:00Z,Sheffield Wednesday FC,Coventry City FC,1,2
2024-01-20T15:00:00Z,Stoke City FC,Birmingham City FC,1,2
2024-01-21T12:00:00Z,Leeds United FC,Preston North End FC,2,1
2024-01-22T20:00:00Z,Leicester City FC,Ipswich Town FC,1,1
2024-01-24T19:45:00Z,Leeds United FC,Norwich City FC,1,0
2024-01-27T15:00:00Z,Sunderland AFC,Stoke City FC,3,1
2024-01-27T15:00:00Z,Millwall FC,Preston North End FC,1,1
2024-01-28T13:30:00Z,Queens Park Rangers FC,Huddersfield Town AFC,1,1
2024-01-30T19:45:00Z,Coventry City FC,Bristol City FC,2,2
2024-01-30T19:45:00Z,Leicester City FC,Swansea City AFC,3,1
2024-01-31T19:45:00Z,Sheffield Wednesday FC,Watford FC,0,0
2024-02-02T20:00:00Z,Bristol City FC,Leeds United FC,0,1
2024-02-03T15:00:00Z,Blackburn Rovers FC,Queens Park Rangers FC,1,2
2024-02-03T15:00:00Z,Watford FC,Cardiff City FC,0,1
2024-02-03T15:00:00Z,Huddersfield Town AFC,Sheffield Wednesday FC,4,0
2024-02-03T15:00:00Z,Hull City AFC,Millwall FC,1,0
2024-02-03T15:00:00Z,Norwich City FC,Coventry City FC,2,1
2024-02-03T15:00:00Z,Preston North End FC,Ipswich Town FC,3,2
2024-02-03T15:00:00Z,Rotherham United FC,Southampton FC,0,2
2024-02-03T15:00:00Z,Stoke City FC,Leicester City FC,0,5
2024-02-03T15:00:00Z,Swansea City AFC,Plymouth Argyle FC,0,1
2024-02-03T15:00:00Z,West Bromwich Albion FC,Birmingham City FC,1,0
2024-02-04T12:00:00Z,Middlesbrough FC,Sunderland AFC,1,1
2024-02-09T20:00:00Z,Sheffield Wednesday FC,Birmingham City FC,2,0
2024-02-10T12:30:00Z,Ipswich Town FC,West Bromwich Albion FC,2,2
2024-02-10T15:00:00Z,Sunderland AFC,Plymouth Argyle FC,3,1
2024-02-10T15:00:00Z,Blackburn Rovers FC,Stoke City FC,3,1
2024-02-10T15:00:00Z,Cardiff City FC,Preston North End FC,0,2
2024-02-10T15:00:00Z,Middlesbrough FC,Bristol City FC,1,2
2024-02-10T15:00:00Z,Southampton FC,Huddersfield Town AFC,5,3
2024-02-10T15:00:00Z,Watford FC,Leicester City FC,1,2
2024-02-10T15:00:00Z,Hull City AFC,Swansea City AFC,0,1
2024-02-10T15:00:00Z,Leeds United FC,Rotherham United FC,3,0
2024-02-10T15:00:00Z,Queens Park Rangers FC,Norwich City FC,2,2
2024-02-11T12:00:00Z,Coventry City FC,Millwall FC,2,1
2024-02-13T19:45:00Z,Birmingham City FC,Blackburn Rovers FC,1,0
2024-02-13T19:45:00Z,Leicester City FC,Sheffield Wednesday FC,2,0
2024-02-13T19:45:00Z,Norwich City FC,Watford FC,4,2
2024-02-13T19:45:00Z,Rotherham United FC,Hull City AFC,1,2
2024-02-13T19:45:00Z,Swansea City AFC,Leeds United FC,0,4
2024-02-13T20:00:00Z,Bristol City FC,Southampton FC,3,1
2024-02-13T20:00:00Z,West Bromwich Albion FC,Cardiff City FC,2,0
2024-02-14T19:45:00Z,Huddersfield Town AFC,Sunderland AFC,1,0
2024-02-14T19:45:00Z,Plymouth Argyle FC,Coventry City FC,2,2
2024-02-14T19:45:00Z,Preston North End FC,Middlesbrough FC,2,1
2024-02-14T19:45:00Z,Stoke City FC,Queens Park Rangers FC,1,0
2024-02-14T20:00:00Z,Millwall FC,Ipswich Town FC,0,4
2024-02-16T20:00:00Z,West Bromwich Albion FC,Southampton FC,0,2
2024-02-17T12:30:00Z,Plymouth Argyle FC,Leeds United FC,0,2
2024-02-17T15:00:00Z,Birmingham City FC,Sunderland AFC,2,1
2024-02-17T15:00:00Z,Bristol City FC,Queens Park Rangers FC,0,1
2024-02-17T15:00:00Z,Millwall FC,Sheffield Wednesday FC,0,2
2024-02-17T15:00:00Z,Huddersfield Town AFC,Hull City AFC,1,2
2024-02-17T15:00:00Z,Leicester City FC,Middlesbrough FC,1,2
2024-02-17T15:00:00Z,Norwich City FC,Cardiff City FC,4,1
2024-02-17T15:00:00Z,Preston North End FC,Blackburn Rovers FC,2,2
2024-02-17T15:00:00Z,Rotherham United FC,Watford FC,0,1
2024-02-17T15:00:00Z,Stoke City FC,Coventry City FC,0,1
2024-02-17T15:00:00Z,Swansea City AFC,Ipswich Town FC,1,2
2024-02-20T19:45:00Z,Cardiff City FC,Blackburn Rovers FC,0,0
2024-02-20T19:45:00Z,Southampton FC,Hull City AFC,1,2
2024-02-20T19:45:00Z,Ipswich Town FC,Rotherham United FC,4,3
2024-02-20T19:45:00Z,Plymouth Argyle FC,West Bromwich Albion FC,0,3
2024-02-23T19:45:00Z,Coventry City FC,Preston North End FC,0,3
2024-02-23T20:00:00Z,Leeds United FC,Leicester City FC,3,1
2024-02-24T12:30:00Z,Hull City AFC,West Bromwich Albion FC,1,1
2024-02-24T15:00:00Z,Sunderland AFC,Swansea City AFC,1,2
2024-02-24T15:00:00Z,Blackburn Rovers FC,Norwich City FC,1,1
2024-02-24T15:00:00Z,Cardiff City FC,Stoke City FC,2,1
2024-02-24T15:00:00Z,Middlesbrough FC,Plymouth Argyle FC,0,2
2024-02-24T15:00:00Z,Southampton FC,Millwall FC,1,2
2024-02-24T15:00:00Z,Watford FC,Huddersfield Town AFC,1,2
2024-02-24T15:00:00Z,Ipswich Town FC,Birmingham City FC,3,1
2024-02-24T15:00:00Z,Queens Park Rangers FC,Rotherham United FC,2,1
2024-02-24T15:00:00Z,Sheffield Wednesday FC,Bristol City FC,2,1
2024-03-01T20:00:00Z,West Bromwich Albion FC,Coventry City FC,2,1
2024-03-02T12:30:00Z,Bristol City FC,Cardiff City FC,0,1
2024-03-02T12:30:00Z,Huddersfield Town AFC,Leeds United FC,1,1
2024-03-02T15:00:00Z,Birmingham City FC,Southampton FC,3,4
2024-03-02T15:00:00Z,Millwall FC,Watford FC,1,0
2024-03-02T15:00:00Z,Leicester City FC,Queens Park Rangers FC,1,2
2024-03-02T15:00:00Z,Norwich City FC,Sunderland AFC,1,0
2024-03-02T15:00:00Z,Plymouth Argyle FC,Ipswich Town FC,0,2
2024-03-02T15:00:00Z,Preston North End FC,Hull City AFC,0,0
2024-03-02T15:00:00Z,Rotherham United FC,Sheffield Wednesday FC,0,1
2024-03-02T15:00:00Z,Stoke City FC,Middlesbrough FC,2,0
2024-03-02T15:00:00Z,Swansea City AFC,Blackburn Rovers FC,2,1
2024-03-05T19:45:00Z,Sunderland AFC,Leicester City FC,0,1
2024-03-05T19:45:00Z,Blackburn Rovers FC,Millwall FC,1,1
2024-03-05T19:45:00Z,Coventry City FC,Rotherham United FC,5,0
2024-03-05T19:45:00Z,Hull City AFC,Birmingham City FC,1,1
2024-03-05T19:45:00Z,Leeds United FC,Stoke City FC,1,0
2024-03-05T19:45:00Z,Sheffield Wednesday FC,Plymouth Argyle FC,1,0
2024-03-05T20:00:00Z,Ipswich Town FC,Bristol City FC,3,2
2024-03-06T19:45:00Z,Cardiff City FC,Huddersfield Town AFC,1,0
2024-03-06T19:45:00Z,Middlesbrough FC,Norwich City FC,3,1
2024-03-06T19:45:00Z,Watford FC,Swansea City AFC,1,1
2024-03-06T20:00:00Z,Queens Park Rangers FC,West Bromwich Albion FC,2,2
2024-03-08T20:00:00Z,Sheffield Wednesday FC,Leeds United FC,0,2
2024-03-09T12:30:00Z,Cardiff City FC,Ipswich Town FC,2,1
2024-03-09T15:00:00Z,Blackburn Rovers FC,Plymouth Argyle FC,1,1
2024-03-09T15:00:00Z,Millwall FC,Birmingham City FC,1,0
2024-03-09T15:00:00Z,Southampton FC,Sunderland AFC,4,2
2024-03-09T15:00:00Z,Watford FC,Coventry City FC,1,2
2024-03-09T15:00:00Z,Hull City AFC,Leicester City FC,2,2
2024-03-09T15:00:00Z,Norwich City FC,Rotherham United FC,5,0
2024-03-09T15:00:00Z,Preston North End FC,Stoke City FC,1,2
2024-03-09T15:00:00Z,Queens Park Rangers FC,Middlesbrough FC,0,2
2024-03-10T12:00:00Z,Huddersfield Town AFC,West Bromwich Albion FC,1,4
2024-03-10T12:30:00Z,Bristol City FC,Swansea City AFC,1,0
2024-03-12T19:45:00Z,Birmingham City FC,Middlesbrough FC,0,1
2024-03-16T12:30:00Z,Swansea City AFC,Cardiff City FC,2,0
2024-03-16T15:00:00Z,Sunderland AFC,Queens Park Rangers FC,0,0
2024-03-16T15:00:00Z,Birmingham City FC,Watford FC,0,1
2024-03-16T15:00:00Z,Middlesbrough FC,Blackburn Rovers FC,0,0
2024-03-16T15:00:00Z,Ipswich Town FC,Sheffield Wednesday FC,6,0
2024-03-16T15:00:00Z,Plymouth Argyle FC,Preston North End FC,0,1
2024-03-16T15:00:00Z,Rotherham United FC,Huddersfield Town AFC,0,0
2024-03-16T15:00:00Z,Stoke City FC,Norwich City FC,0,3
2024-03-16T15:00:00Z,West Bromwich Albion FC,Bristol City FC,2,0
2024-03-17T15:00:00Z,Leeds United FC,Millwall FC,2,0
2024-03-29T12:30:00Z,Bristol City FC,Leicester City FC,1,0
2024-03-29T13:00:00Z,Millwall FC,West Bromwich Albion FC,1,1
2024-03-29T15:00:00Z,Cardiff City FC,Sunderland AFC,0,2
2024-03-29T15:00:00Z,Southampton FC,Middlesbrough FC,1,1
2024-03-29T15:00:00Z,Huddersfield Town AFC,Coventry City FC,1,3
2024-03-29T15:00:00Z,Hull City AFC,Stoke City FC,0,2
2024-03-29T15:00:00Z,Norwich City FC,Plymouth Argyle FC,2,1
2024-03-29T15:00:00Z,Preston North End FC,Rotherham United FC,3,0
2024-03-29T15:00:00Z,Queens Park Rangers FC,Birmingham City FC,2,1
2024-03-29T15:00:00Z,Sheffield Wednesday FC,Swansea City AFC,1,1
2024-03-29T17:30:00Z,Blackburn Rovers FC,Ipswich Town FC,0,1
2024-03-29T20:00:00Z,Watford FC,Leeds United FC,2,2
2024-04-01T11:30:00Z,Leicester City FC,Norwich City FC,3,1
2024-04-01T14:00:00Z,Sunderland AFC,Blackburn Rovers FC,1,5
2024-04-01T14:00:00Z,Birmingham City FC,Preston North End FC,1,0
2024-04-01T14:00:00Z,Coventry City FC,Cardiff City FC,1,2
2024-04-01T14:00:00Z,Middlesbrough FC,Sheffield Wednesday FC,2,0
2024-04-01T14:00:00Z,Plymouth Argyle FC,Bristol City FC,0,1
2024-04-01T14:00:00Z,Rotherham United FC,Millwall FC,2,1
2024-04-01T14:00:00Z,Stoke City FC,Huddersfield Town AFC,1,1
2024-04-01T14:00:00Z,Swansea City AFC,Queens Park Rangers FC,0,1
2024-04-01T14:00:00Z,West Bromwich Albion FC,Watford FC,2,2
2024-04-01T16:30:00Z,Ipswich Town FC,Southampton FC,3,2
2024-04-01T19:00:00Z,Leeds United FC,Hull City AFC,3,1
2024-04-05T19:00:00Z,Rotherham United FC,Plymouth Argyle FC,0,1
2024-04-06T11:30:00Z,Norwich City FC,Ipswich Town FC,1,0
2024-04-06T14:00:00Z,Sunderland AFC,Bristol City FC,0,0
2024-04-06T14:00:00Z,Blackburn Rovers FC,Southampton FC,0,0
2024-04-06T14:00:00Z,Cardiff City FC,Hull City AFC,1,3
2024-04-06T14:00:00Z,Coventry City FC,Leeds United FC,2,1
2024-04-06T14:00:00Z,Middlesbrough FC,Swansea City AFC,2,0
2024-04-06T14:00:00Z,Watford FC,Preston North End FC,0,0
2024-04-06T14:00:00Z,Huddersfield Town AFC,Millwall FC,1,0
2024-04-06T14:00:00Z,Leicester City FC,Birmingham City FC,2,1
2024-04-06T14:00:00Z,Queens Park Rangers FC,Sheffield Wednesday FC,0,2
2024-04-06T14:00:00Z,Stoke City FC,West Bromwich Albion FC,2,2
2024-04-09T18:45:00Z,Millwall FC,Leicester City FC,1,0
2024-04-09T18:45:00Z,Southampton FC,Coventry City FC,2,1
2024-04-09T18:45:00Z,Plymouth Argyle FC,Queens Park Rangers FC,1,1
2024-04-09T18:45:00Z,Preston North End FC,Huddersfield Town AFC,4,1
2024-04-09T18:45:00Z,Sheffield Wednesday FC,Norwich City FC,2,2
2024-04-09T19:00:00Z,Leeds United FC,Sunderland AFC,0,0
2024-04-10T18:45:00Z,Birmingham City FC,Cardiff City FC,0,1
2024-04-10T18:45:00Z,Bristol City FC,Blackburn Rovers FC,5,0
2024-04-10T18:45:00Z,Hull City AFC,Middlesbrough FC,2,2
2024-04-10T18:45:00Z,Ipswich Town FC,Watford FC,0,0
2024-04-10T19:00:00Z,Swansea City AFC,Stoke City FC,3,0
2024-04-10T19:00:00Z,West Bromwich Albion FC,Rotherham United FC,2,0
2024-04-12T19:00:00Z,Plymouth Argyle FC,Leicester City FC,1,0
2024-04-13T11:30:00Z,Leeds United FC,Blackburn Rovers FC,0,1
2024-04-13T14:00:00Z,Birmingham City FC,Coventry City FC,3,0
2024-04-13T14:00:00Z,Bristol City FC,Huddersfield Town AFC,1,1
2024-04-13T14:00:00Z,Millwall FC,Cardiff City FC,3,1
2024-04-13T14:00:00Z,Southampton FC,Watford FC,3,2
2024-04-13T14:00:00Z,Hull City AFC,Queens Park Rangers FC,3,0
2024-04-13T14:00:00Z,Ipswich Town FC,Middlesbrough FC,1,1
2024-04-13T14:00:00Z,Preston North End FC,Norwich City FC,0,1
2024-04-13T14:00:00Z,Sheffield Wednesday FC,Stoke City FC,1,1
2024-04-13T14:00:00Z,Swansea City AFC,Rotherham United FC,1,0
2024-04-13T14:00:00Z,West Bromwich Albion FC,Sunderland AFC,0,1
2024-04-16T19:00:00Z,Southampton FC,Preston North End FC,3,0
2024-04-20T11:30:00Z,Leicester City FC,West Bromwich Albion FC,2,1
2024-04-20T14:00:00Z,Sunderland AFC,Millwall FC,0,1
2024-04-20T14:00:00Z,Cardiff City FC,Southampton FC,2,1
2024-04-20T14:00:00Z,Watford FC,Hull City AFC,0,0
2024-04-20T14:00:00Z,Huddersfield Town AFC,Swansea City AFC,0,4
2024-04-20T14:00:00Z,Norwich City FC,Bristol City FC,1,1
2024-04-20T14:00:00Z,Rotherham United FC,Birmingham City FC,0,0
2024-04-20T14:00:00Z,Stoke City FC,Plymouth Argyle FC,3,0
2024-04-20T16:15:00Z,Queens Park Rangers FC,Preston North End FC,1,0
2024-04-21T11:30:00Z,Blackburn Rovers FC,Sheffield Wednesday FC,1,3
2024-04-22T19:00:00Z,Middlesbrough FC,Leeds United FC,3,4
2024-04-23T19:00:00Z,Leicester City FC,Southampton FC,5,0
2024-04-24T18:45:00Z,Coventry City FC,Hull City AFC,2,3
2024-04-26T19:00:00Z,Queens Park Rangers FC,Leeds United FC,4,0
2024-04-27T14:00:00Z,Blackburn Rovers FC,Coventry City FC,0,0
2024-04-27T14:00:00Z,Bristol City FC,Rotherham United FC,2,0
2024-04-27T14:00:00Z,Cardiff City FC,Middlesbrough FC,1,4
2024-04-27T14:00:00Z,Millwall FC,Plymouth Argyle FC,1,0
2024-04-27T14:00:00Z,Southampton FC,Stoke City FC,0,1
2024-04-27T14:00:00Z,Watford FC,Sunderland AFC,1,0
2024-04-27T14:00:00Z,Huddersfield Town AFC,Birmingham City FC,1,1
2024-04-27T14:00:00Z,Norwich City FC,Swansea City AFC,2,2
2024-04-27T14:00:00Z,Sheffield Wednesday FC,West Bromwich Albion FC,3,0
2024-04-27T19:00:00Z,Hull City AFC,Ipswich Town FC,3,3
2024-04-29T19:00:00Z,Preston North End FC,Leicester City FC,0,3
2024-04-30T19:00:00Z,Coventry City FC,Ipswich Town FC,1,2
2024-05-04T11:30:00Z,Swansea City AFC,Millwall FC,0,1
2024-05-04T11:30:00Z,Sunderland AFC,Sheffield Wednesday FC,0,2
2024-05-04T11:30:00Z,Birmingham City FC,Norwich City FC,1,0
2024-05-04T11:30:00Z,Coventry City FC,Queens Park Rangers FC,1,2
2024-05-04T11:30:00Z,Middlesbrough FC,Watford FC,3,1
2024-05-04T11:30:00Z,Ipswich Town FC,Huddersfield Town AFC,2,0
2024-05-04T11:30:00Z,Leeds United FC,Southampton FC,1,2
2024-05-04T11:30:00Z,Leicester City FC,Blackburn Rovers FC,0,2
2024-05-04T11:30:00Z,Plymouth Argyle FC,Hull City AFC,1,0
2024-05-04T11:30:00Z,Rotherham United FC,Cardiff City FC,5,2
2024-05-04T11:30:00Z,Stoke City FC,Bristol City FC,4,0
2024-05-04T11:30:00Z,West Bromwich Albion FC,Preston North End FC,3,0
2024-05-12T11:00:00Z,Norwich City FC,Leeds United FC,0,0
2024-05-12T13:15:00Z,West Bromwich Albion FC,Southampton FC,0,0
2024-05-16T19:00:00Z,Leeds United FC,Norwich City FC,4,0
2024-05-17T19:00:00Z,Southampton FC,West Bromwich Albion FC,3,1
2024-05-26T14:00:00Z,Leeds United FC,Southampton FC,0,1
2024-08-09T19:00:00Z,Blackburn Rovers FC,Derby County FC,4,2
2024-08-09T19:00:00Z,Preston North End FC,Sheffield United FC,0,2
2024-08-10T11:30:00Z,Cardiff City FC,Sunderland AFC,0,2
2024-08-10T11:30:00Z,Hull City AFC,Bristol City FC,1,1
2024-08-10T11:30:00Z,Leeds United FC,Portsmouth FC,3,3
2024-08-10T11:30:00Z,Middlesbrough FC,Swansea City AFC,1,0
2024-08-10T11:30:00Z,Millwall FC,Watford FC,2,3
2024-08-10T11:30:00Z,Oxford United FC,Norwich City FC,2,0
2024-08-10T11:30:00Z,Queens Park Rangers FC,West Bromwich Albion FC,1,3
2024-08-10T11:30:00Z,Stoke City FC,Coventry City FC,1,0
2024-08-11T15:00:00Z,Sheffield Wednesday FC,Plymouth Argyle FC,4,0
2024-08-12T19:00:00Z,Luton Town FC,Burnley FC,1,4
2024-08-16T19:00:00Z,Coventry City FC,Oxford United FC,3,2
2024-08-17T11:30:00Z,Derby County FC,Middlesbrough FC,1,0
2024-08-17T11:30:00Z,Portsmouth FC,Luton Town FC,0,0
2024-08-17T11:30:00Z,West Bromwich Albion FC,Leeds United FC,0,0
2024-08-17T14:00:00Z,Bristol City FC,Millwall FC,4,3
2024-08-17T14:00:00Z,Burnley FC,Cardiff City FC,5,0
2024-08-17T14:00:00Z,Norwich City FC,Blackburn Rovers FC,2,2
2024-08-17T14:00:00Z,Plymouth Argyle FC,Hull City AFC,1,1
2024-08-17T14:00:00Z,Sheffield United FC,Queens Park Rangers FC,2,2
2024-08-17T14:00:00Z,Swansea City AFC,Preston North End FC,3,0
2024-08-17T14:00:00Z,Watford FC,Stoke City FC,3,0
2024-08-18T11:00:00Z,Sunderland AFC,Sheffield Wednesday FC,4,0
2024-08-23T19:00:00Z,Sheffield Wednesday FC,Leeds United FC,0,2
2024-08-24T11:30:00Z,Bristol City FC,Coventry City FC,1,1
2024-08-24T11:30:00Z,Hull City AFC,Millwall FC,0,0
2024-08-24T11:30:00Z,Queens Park Rangers FC,Plymouth Argyle FC,1,1
2024-08-24T14:00:00Z,Watford FC,Derby County FC,2,1
2024-08-24T14:00:00Z,Blackburn Rovers FC,Oxford United FC,2,1
2024-08-24T14:00:00Z,Middlesbrough FC,Portsmouth FC,2,2
2024-08-24T14:00:00Z,Norwich City FC,Sheffield United FC,1,1
2024-08-24T14:00:00Z,Preston North End FC,Luton Town FC,1,0
2024-08-24T14:00:00Z,Stoke City FC,West Bromwich Albion FC,1,2
2024-08-24T14:00:00Z,Sunderland AFC,Burnley FC,1,0
2024-08-25T14:00:00Z,Swansea City AFC,Cardiff City FC,1,1
2024-08-30T19:00:00Z,Luton Town FC,Queens Park Rangers FC,1,2
2024-08-31T11:30:00Z,Burnley FC,Blackburn Rovers FC,1,1
2024-08-31T11:30:00Z,Cardiff City FC,Middlesbrough FC,0,2
2024-08-31T11:30:00Z,Coventry City FC,Norwich City FC,0,1
2024-08-31T14:00:00Z,Derby County FC,Bristol City FC,3,0
2024-08-31T14:00:00Z,Leeds United FC,Hull City AFC,2,0
2024-08-31T14:00:00Z,Millwall FC,Sheffield Wednesday FC,3,0
2024-08-31T14:00:00Z,Oxford United FC,Preston North End FC,3,1
2024-08-31T14:00:00Z,Plymouth Argyle FC,Stoke City FC,0,1
2024-08-31T14:00:00Z,Portsmouth FC,Sunderland AFC,1,3
2024-08-31T14:00:00Z,West Bromwich Albion FC,Swansea City AFC,1,0
2024-09-01T14:00:00Z,Sheffield United FC,Watford FC,1,0
2024-09-13T19:00:00Z,Hull City AFC,Sheffield United FC,0,2
2024-09-14T11:30:00Z,Leeds United FC,Burnley FC,0,1
2024-09-14T11:30:00Z,Millwall FC,Luton Town FC,0,1
2024-09-14T11:30:00Z,Oxford United FC,Stoke City FC,1,0
2024-09-14T14:00:00Z,Blackburn Rovers FC,Bristol City FC,3,0
2024-09-14T14:00:00Z,Derby County FC,Cardiff City FC,1,0
2024-09-14T14:00:00Z,Middlesbrough FC,Preston North End FC,1,1
2024-09-14T14:00:00Z,Plymouth Argyle FC,Sunderland AFC,3,2
2024-09-14T14:00:00Z,Sheffield Wednesday FC,Queens Park Rangers FC,1,1
2024-09-14T14:00:00Z,Swansea City AFC,Norwich City FC,1,0
2024-09-14T14:00:00Z,Watford FC,Coventry City FC,1,1
2024-09-15T14:00:00Z,Portsmouth FC,West Bromwich Albion FC,0,3
2024-09-20T19:00:00Z,Stoke City FC,Hull City AFC,1,3
2024-09-21T11:30:00Z,Norwich City FC,Watford FC,4,1
2024-09-21T11:30:00Z,Queens Park Rangers FC,Millwall FC,1,1
2024-09-21T11:30:00Z,Sunderland AFC,Middlesbrough FC,1,0
2024-09-21T14:00:00Z,Bristol City FC,Oxford United FC,2,1
2024-09-21T14:00:00Z,Burnley FC,Portsmouth FC,2,1
2024-09-21T14:00:00Z,Cardiff City FC,Leeds United FC,0,2
2024-09-21T14:00:00Z,Coventry City FC,Swansea City AFC,1,2
2024-09-21T14:00:00Z,Luton Town FC,Sheffield Wednesday FC,2,1
2024-09-21T14:00:00Z,Sheffield United FC,Derby County FC,1,0
2024-09-21T14:00:00Z,West Bromwich Albion FC,Plymouth Argyle FC,1,0
2024-09-22T11:00:00Z,Preston North End FC,Blackburn Rovers FC,0,0
2024-09-27T19:00:00Z,Plymouth Argyle FC,Luton Town FC,3,1
2024-09-28T11:30:00Z,Blackburn Rovers FC,Queens Park Rangers FC,2,0
2024-09-28T11:30:00Z,Derby County FC,Norwich City FC,2,3
2024-09-28T11:30:00Z,Sheffield Wednesday FC,West Bromwich Albion FC,3,2
2024-09-28T14:00:00Z,Hull City AFC,Cardiff City FC,4,1
2024-09-28T14:00:00Z,Leeds United FC,Coventry City FC,3,0
2024-09-28T14:00:00Z,Middlesbrough FC,Stoke City FC,2,0
2024-09-28T14:00:00Z,Millwall FC,Preston North End FC,3,1
2024-09-28T14:00:00Z,Oxford United FC,Burnley FC,0,0
2024-09-28T14:00:00Z,Portsmouth FC,Sheffield United FC,0,0
2024-09-28T14:00:00Z,Watford FC,Sunderland AFC,2,1
2024-09-29T14:00:00Z,Swansea City AFC,Bristol City FC,1,1
2024-10-01T18:45:00Z,Burnley FC,Plymouth Argyle FC,1,0
2024-10-01T18:45:00Z,Cardiff City FC,Millwall FC,1,0
2024-10-01T18:45:00Z,Coventry City FC,Blackburn Rovers FC,3,0
2024-10-01T18:45:00Z,Luton Town FC,Oxford United FC,2,2
2024-10-01T18:45:00Z,Queens Park Rangers FC,Hull City AFC,1,3
2024-10-01T18:45:00Z,Sunderland AFC,Derby County FC,2,0
2024-10-01T18:45:00Z,Norwich City FC,Leeds United FC,1,1
2024-10-01T19:00:00Z,West Bromwich Albion FC,Middlesbrough FC,0,1
2024-10-02T18:45:00Z,Sheffield United FC,Swansea City AFC,1,0
2024-10-02T18:45:00Z,Preston North End FC,Watford FC,3,0
2024-10-02T18:45:00Z,Stoke City FC,Portsmouth FC,6,1
2024-10-02T19:00:00Z,Bristol City FC,Sheffield Wednesday FC,0,0
2024-10-04T19:00:00Z,Sunderland AFC,Leeds United FC,2,2
2024-10-05T11:30:00Z,Burnley FC,Preston North End FC,0,0
2024-10-05T11:30:00Z,Norwich City FC,Hull City AFC,4,0
2024-10-05T11:30:00Z,Portsmouth FC,Oxford United FC,1,1
2024-10-05T14:00:00Z,Coventry City FC,Sheffield Wednesday FC,1,2
2024-10-05T14:00:00Z,Derby County FC,Queens Park Rangers FC,2,0
2024-10-05T14:00:00Z,Plymouth Argyle FC,Blackburn Rovers FC,2,1
2024-10-05T14:00:00Z,Sheffield United FC,Luton Town FC,2,0
2024-10-05T14:00:00Z,Swansea City AFC,Stoke City FC,0,0
2024-10-05T14:00:00Z,Watford FC,Middlesbrough FC,2,1
2024-10-05T14:00:00Z,West Bromwich Albion FC,Millwall FC,0,0
2024-10-06T14:00:00Z,Bristol City FC,Cardiff City FC,1,1
2024-10-18T19:00:00Z,Leeds United FC,Sheffield United FC,2,0
2024-10-19T11:30:00Z,Cardiff City FC,Plymouth Argyle FC,5,0
2024-10-19T11:30:00Z,Luton Town FC,Watford FC,3,0
2024-10-19T11:30:00Z,Oxford United FC,West Bromwich Albion FC,1,1
2024-10-19T11:30:00Z,Preston North End FC,Coventry City FC,1,0
2024-10-19T14:00:00Z,Blackburn Rovers FC,Swansea City AFC,1,0
2024-10-19T14:00:00Z,Middlesbrough FC,Bristol City FC,0,2
2024-10-19T14:00:00Z,Millwall FC,Derby County FC,1,1
2024-10-19T14:00:00Z,Queens Park Rangers FC,Portsmouth FC,1,2
2024-10-19T14:00:00Z,Sheffield Wednesday FC,Burnley FC,0,2
2024-10-19T14:00:00Z,Stoke City FC,Norwich City FC,1,1
2024-10-20T14:00:00Z,Hull City AFC,Sunderland AFC,0,1
2024-10-22T18:45:00Z,Cardiff City FC,Portsmouth FC,2,0
2024-10-22T18:45:00Z,Leeds United FC,Watford FC,2,1
2024-10-22T18:45:00Z,Oxford United FC,Derby County FC,1,1
2024-10-22T18:45:00Z,Preston North End FC,Norwich City FC,2,2
2024-10-22T18:45:00Z,Sheffield Wednesday FC,Swansea City AFC,0,0
2024-10-22T18:45:00Z,Stoke City FC,Bristol City FC,2,2
2024-10-22T19:00:00Z,Queens Park Rangers FC,Coventry City FC,1,1
2024-10-23T18:45:00Z,Hull City AFC,Burnley FC,1,1
2024-10-23T18:45:00Z,Blackburn Rovers FC,West Bromwich Albion FC,0,0
2024-10-23T18:45:00Z,Luton Town FC,Sunderland AFC,1,2
2024-10-23T18:45:00Z,Millwall FC,Plymouth Argyle FC,1,0
2024-10-23T19:00:00Z,Middlesbrough FC,Sheffield United FC,1,0
2024-10-25T19:00:00Z,Portsmouth FC,Sheffield Wednesday FC,1,2
2024-10-26T11:30:00Z,Bristol City FC,Leeds United FC,0,0
2024-10-26T11:30:00Z,Coventry City FC,Luton Town FC,3,2
2024-10-26T11:30:00Z,Watford FC,Blackburn Rovers FC,1,0
2024-10-26T14:00:00Z,Burnley FC,Queens Park Rangers FC,0,0
2024-10-26T14:00:00Z,Derby County FC,Hull City AFC,1,1
2024-10-26T14:00:00Z,Plymouth Argyle FC,Preston North End FC,3,3
2024-10-26T14:00:00Z,Sheffield United FC,Stoke City FC,2,0
2024-10-26T14:00:00Z,Sunderland AFC,Oxford United FC,2,0
2024-10-26T14:00:00Z,Swansea City AFC,Millwall FC,0,1
2024-10-26T14:00:00Z,West Bromwich Albion FC,Cardiff City FC,0,0
2024-10-27T15:00:00Z,Norwich City FC,Middlesbrough FC,3,3
2024-11-01T20:00:00Z,Luton Town FC,West Bromwich Albion FC,1,1
2024-11-02T12:30:00Z,Blackburn Rovers FC,Sheffield United FC,0,2
2024-11-02T12:30:00Z,Oxford United FC,Swansea City AFC,1,2
2024-11-02T12:30:00Z,Stoke City FC,Derby County FC,2,1
2024-11-02T15:00:00Z,Cardiff City FC,Norwich City FC,2,1
2024-11-02T15:00:00Z,Hull City AFC,Portsmouth FC,1,1
2024-11-02T15:00:00Z,Leeds United FC,Plymouth Argyle FC,3,0
2024-11-02T15:00:00Z,Middlesbrough FC,Coventry City FC,0,3
2024-11-02T15:00:00Z,Preston North End FC,Bristol City FC,1,3
2024-11-02T15:00:00Z,Queens Park Rangers FC,Sunderland AFC,0,0
2024-11-02T15:00:00Z,Sheffield Wednesday FC,Watford FC,2,6
2024-11-03T15:00:00Z,Millwall FC,Burnley FC,1,0
2024-11-05T19:45:00Z,Bristol City FC,Sheffield United FC,1,2
2024-11-05T19:45:00Z,Oxford United FC,Hull City AFC,1,0
2024-11-05T19:45:00Z,Queens Park Rangers FC,Middlesbrough FC,1,4
2024-11-05T19:45:00Z,Sheffield Wednesday FC,Norwich City FC,2,0
2024-11-05T20:00:00Z,Plymouth Argyle FC,Portsmouth FC,1,0
2024-11-05T20:00:00Z,Swansea City AFC,Watford FC,1,0
2024-11-06T19:45:00Z,Millwall FC,Leeds United FC,1,0
2024-11-06T19:45:00Z,Blackburn Rovers FC,Stoke City FC,0,2
2024-11-06T19:45:00Z,Coventry City FC,Derby County FC,1,2
2024-11-06T20:00:00Z,Luton Town FC,Cardiff City FC,1,0
2024-11-06T20:00:00Z,Preston North End FC,Sunderland AFC,0,0
2024-11-07T20:00:00Z,West Bromwich Albion FC,Burnley FC,0,0
2024-11-08T20:00:00Z,Watford FC,Oxford United FC,1,0
2024-11-09T12:30:00Z,Cardiff City FC,Blackburn Rovers FC,1,3
2024-11-09T12:30:00Z,Middlesbrough FC,Luton Town FC,5,1
2024-11-09T12:30:00Z,Stoke City FC,Millwall FC,1,1
2024-11-09T15:00:00Z,Derby County FC,Plymouth Argyle FC,1,1
2024-11-09T15:00:00Z,Leeds United FC,Queens Park Rangers FC,2,0
2024-11-09T15:00:00Z,Norwich City FC,Bristol City FC,0,2
2024-11-09T15:00:00Z,Portsmouth FC,Preston North End FC,3,1
2024-11-09T15:00:00Z,Sunderland AFC,Coventry City FC,2,2
2024-11-10T12:30:00Z,Sheffield United FC,Sheffield Wednesday FC,1,0
2024-11-10T13:00:00Z,Hull City AFC,West Bromwich Albion FC,1,2
2024-11-10T15:00:00Z,Burnley FC,Swansea City AFC,1,0
2024-11-22T20:00:00Z,Plymouth Argyle FC,Watford FC,2,2
2024-11-23T12:30:00Z,Bristol City FC,Burnley FC,0,1
2024-11-23T12:30:00Z,Coventry City FC,Sheffield United FC,2,2
2024-11-23T12:30:00Z,Sheffield Wednesday FC,Cardiff City FC,1,1
2024-11-23T15:00:00Z,Luton Town FC,Hull City AFC,1,0
2024-11-23T15:00:00Z,Millwall FC,Sunderland AFC,1,1
2024-11-23T15:00:00Z,Oxford United FC,Middlesbrough FC,2,6
2024-11-23T15:00:00Z,Preston North End FC,Derby County FC,1,1
2024-11-23T15:00:00Z,Queens Park Rangers FC,Stoke City FC,1,1
2024-11-23T15:00:00Z,West Bromwich Albion FC,Norwich City FC,2,2
2024-11-24T15:00:00Z,Swansea City AFC,Leeds United FC,3,4
2024-11-26T19:45:00Z,Burnley FC,Coventry City FC,2,0
2024-11-26T19:45:00Z,Hull City AFC,Sheffield Wednesday FC,0,2
2024-11-26T19:45:00Z,Norwich City FC,Plymouth Argyle FC,6,1
2024-11-26T19:45:00Z,Sheffield United FC,Oxford United FC,3,0
2024-11-26T19:45:00Z,Stoke City FC,Preston North End FC,0,0
2024-11-26T19:45:00Z,Watford FC,Bristol City FC,1,0
2024-11-26T20:00:00Z,Sunderland AFC,West Bromwich Albion FC,0,0
2024-11-27T19:45:00Z,Leeds United FC,Luton Town FC,3,0
2024-11-27T19:45:00Z,Cardiff City FC,Queens Park Rangers FC,0,2
2024-11-27T19:45:00Z,Middlesbrough FC,Blackburn Rovers FC,0,1
2024-11-27T20:00:00Z,Derby County FC,Swansea City AFC,1,2
2024-11-29T20:00:00Z,Sheffield United FC,Sunderland AFC,1,0
2024-11-30T12:30:00Z,Middlesbrough FC,Hull City AFC,3,1
2024-11-30T12:30:00Z,Oxford United FC,Millwall FC,1,1
2024-11-30T12:30:00Z,Watford FC,Queens Park Rangers FC,0,0
2024-11-30T13:30:00Z,Blackburn Rovers FC,Leeds United FC,1,0
2024-11-30T15:00:00Z,Bristol City FC,Plymouth Argyle FC,4,0
2024-11-30T15:00:00Z,Coventry City FC,Cardiff City FC,2,2
2024-11-30T15:00:00Z,Norwich City FC,Luton Town FC,4,2
2024-11-30T15:00:00Z,Preston North End FC,West Bromwich Albion FC,1,1
2024-11-30T15:00:00Z,Stoke City FC,Burnley FC,0,2
2024-11-30T15:00:00Z,Swansea City AFC,Portsmouth FC,2,2
2024-12-01T15:00:00Z,Derby County FC,Sheffield Wednesday FC,1,2
2024-12-06T20:00:00Z,Burnley FC,Middlesbrough FC,1,1
2024-12-07T12:30:00Z,Leeds United FC,Derby County FC,2,0
2024-12-07T12:30:00Z,Sheffield Wednesday FC,Preston North End FC,1,1
2024-12-07T12:30:00Z,Sunderland AFC,Stoke City FC,2,1
2024-12-07T15:00:00Z,Hull City AFC,Blackburn Rovers FC,0,1
2024-12-07T15:00:00Z,Luton Town FC,Swansea City AFC,1,1
2024-12-07T15:00:00Z,Millwall FC,Coventry City FC,0,1
2024-12-07T15:00:00Z,Portsmouth FC,Bristol City FC,3,0
2024-12-07T15:00:00Z,Queens Park Rangers FC,Norwich City FC,3,0
2024-12-08T15:00:00Z,West Bromwich Albion FC,Sheffield United FC,2,2
2024-12-10T19:45:00Z,Burnley FC,Derby County FC,0,0
2024-12-10T19:45:00Z,Luton Town FC,Stoke City FC,2,1
2024-12-10T19:45:00Z,Plymouth Argyle FC,Swansea City AFC,1,2
2024-12-10T19:45:00Z,Portsmouth FC,Norwich City FC,0,0
2024-12-10T19:45:00Z,Sheffield Wednesday FC,Blackburn Rovers FC,0,1
2024-12-10T19:45:00Z,Sunderland AFC,Bristol City FC,1,1
2024-12-10T20:00:00Z,Leeds United FC,Middlesbrough FC,3,1
2024-12-11T19:45:00Z,Millwall FC,Sheffield United FC,0,1
2024-12-11T19:45:00Z,Cardiff City FC,Preston North End FC,0,2
2024-12-11T19:45:00Z,Hull City AFC,Watford FC,1,1
2024-12-11T19:45:00Z,Queens Park Rangers FC,Oxford United FC,2,0
2024-12-11T20:00:00Z,West Bromwich Albion FC,Coventry City FC,2,0
2024-12-13T20:00:00Z,Derby County FC,Portsmouth FC,4,0
2024-12-14T12:30:00Z,Bristol City FC,Queens Park Rangers FC,1,1
2024-12-14T12:30:00Z,Coventry City FC,Hull City AFC,2,1
2024-12-14T12:30:00Z,Preston North End FC,Leeds United FC,1,1
2024-12-14T15:00:00Z,Blackburn Rovers FC,Luton Town FC,2,0
2024-12-14T15:00:00Z,Middlesbrough FC,Millwall FC,1,0
2024-12-14T15:00:00Z,Oxford United FC,Sheffield Wednesday FC,1,3
2024-12-14T15:00:00Z,Sheffield United FC,Plymouth Argyle FC,2,0
2024-12-14T15:00:00Z,Stoke City FC,Cardiff City FC,2,2
2024-12-14T15:00:00Z,Swansea City AFC,Sunderland AFC,2,3
2024-12-15T14:00:00Z,Watford FC,West Bromwich Albion FC,2,1
2024-12-15T15:00:00Z,Norwich City FC,Burnley FC,1,2
2024-12-20T20:00:00Z,Luton Town FC,Derby County FC,2,1
2024-12-21T12:30:00Z,Hull City AFC,Swansea City AFC,2,1
2024-12-21T12:30:00Z,Portsmouth FC,Coventry City FC,4,1
2024-12-21T12:30:00Z,Sheffield Wednesday FC,Stoke City FC,2,0
2024-12-21T15:00:00Z,Burnley FC,Watford FC,2,1
2024-12-21T15:00:00Z,Cardiff City FC,Sheffield United FC,0,2
2024-12-21T15:00:00Z,Leeds United FC,Oxford United FC,4,0
2024-12-21T15:00:00Z,Millwall FC,Blackburn Rovers FC,1,0
2024-12-21T15:00:00Z,Plymouth Argyle FC,Middlesbrough FC,3,3
2024-12-21T15:00:00Z,Queens Park Rangers FC,Preston North End FC,2,1
2024-12-21T15:00:00Z,Sunderland AFC,Norwich City FC,2,1
2024-12-22T15:00:00Z,West Bromwich Albion FC,Bristol City FC,2,0
2024-12-26T15:00:00Z,Blackburn Rovers FC,Sunderland AFC,2,2
2024-12-26T15:00:00Z,Bristol City FC,Luton Town FC,1,0
2024-12-26T15:00:00Z,Coventry City FC,Plymouth Argyle FC,4,0
2024-12-26T15:00:00Z,Middlesbrough FC,Sheffield Wednesday FC,3,3
2024-12-26T15:00:00Z,Norwich City FC,Millwall FC,2,1
2024-12-26T15:00:00Z,Oxford United FC,Cardiff City FC,3,2
2024-12-26T15:00:00Z,Preston North End FC,Hull City AFC,1,0
2024-12-26T15:00:00Z,Sheffield United FC,Burnley FC,0,2
2024-12-26T15:00:00Z,Swansea City AFC,Queens Park Rangers FC,3,0
2024-12-26T15:00:00Z,Watford FC,Portsmouth FC,2,1
2024-12-26T17:30:00Z,Derby County FC,West Bromwich Albion FC,2,1
2024-12-26T20:00:00Z,Stoke City FC,Leeds United FC,0,2
2024-12-29T12:30:00Z,Norwich City FC,Queens Park Rangers FC,1,1
2024-12-29T12:30:00Z,Preston North End FC,Sheffield Wednesday FC,3,1
2024-12-29T12:30:00Z,Sheffield United FC,West Bromwich Albion FC,1,1
2024-12-29T15:00:00Z,Blackburn Rovers FC,Hull City AFC,0,1
2024-12-29T15:00:00Z,Bristol City FC,Portsmouth FC,3,0
2024-12-29T15:00:00Z,Coventry City FC,Millwall FC,0,0
2024-12-29T15:00:00Z,Oxford United FC,Plymouth Argyle FC,2,0
2024-12-29T15:00:00Z,Stoke City FC,Sunderland AFC,1,0
2024-12-29T15:00:00Z,Swansea City AFC,Luton Town FC,2,1
2024-12-29T15:00:00Z,Watford FC,Cardiff City FC,1,2
2024-12-29T17:45:00Z,Derby County FC,Leeds United FC,0,1
2024-12-29T20:00:00Z,Middlesbrough FC,Burnley FC,0,0
2025-01-01T12:30:00Z,Plymouth Argyle FC,Bristol City FC,2,2
2025-01-01T12:30:00Z,Queens Park Rangers FC,Watford FC,3,1
2025-01-01T13:00:00Z,Millwall FC,Oxford United FC,0,1
2025-01-01T15:00:00Z,Leeds United FC,Blackburn Rovers FC,1,1
2025-01-01T15:00:00Z,Luton Town FC,Norwich City FC,0,1
2025-01-01T15:00:00Z,Portsmouth FC,Swansea City AFC,4,0
2025-01-01T15:00:00Z,Sheffield Wednesday FC,Derby County FC,4,2
2025-01-01T15:00:00Z,West Bromwich Albion FC,Preston North End FC,3,1
2025-01-01T15:00:00Z,Burnley FC,Stoke City FC,0,0
2025-01-01T15:00:00Z,Cardiff City FC,Coventry City FC,1,1
2025-01-01T17:30:00Z,Hull City AFC,Middlesbrough FC,0,1
2025-01-01T20:00:00Z,Sunderland AFC,Sheffield United FC,2,1
2025-01-04T12:30:00Z,Blackburn Rovers FC,Burnley FC,0,1
2025-01-04T12:30:00Z,Stoke City FC,Plymouth Argyle FC,0,0
2025-01-04T12:30:00Z,Swansea City AFC,West Bromwich Albion FC,1,1
2025-01-04T15:00:00Z,Bristol City FC,Derby County FC,1,0
2025-01-04T15:00:00Z,Hull City AFC,Leeds United FC,3,3
2025-01-04T15:00:00Z,Middlesbrough FC,Cardiff City FC,1,1
2025-01-04T15:00:00Z,Norwich City FC,Coventry City FC,2,1
2025-01-04T15:00:00Z,Preston North End FC,Oxford United FC,1,1
2025-01-04T15:00:00Z,Sheffield Wednesday FC,Millwall FC,2,2
2025-01-04T15:00:00Z,Watford FC,Sheffield United FC,1,2
2025-01-05T15:00:00Z,Sunderland AFC,Portsmouth FC,1,0
2025-01-06T20:00:00Z,Queens Park Rangers FC,Luton Town FC,2,1
2025-01-14T19:45:00Z,Cardiff City FC,Watford FC,1,1
2025-01-14T19:45:00Z,Plymouth Argyle FC,Oxford United FC,1,1
2025-01-15T19:45:00Z,Blackburn Rovers FC,Portsmouth FC,3,0
2025-01-17T20:00:00Z,Burnley FC,Sunderland AFC,0,0
2025-01-18T12:30:00Z,Cardiff City FC,Swansea City AFC,3,0
2025-01-18T12:30:00Z,Millwall FC,Hull City AFC,0,1
2025-01-18T12:30:00Z,Plymouth Argyle FC,Queens Park Rangers FC,0,1
2025-01-18T15:00:00Z,Coventry City FC,Bristol City FC,1,0
2025-01-18T15:00:00Z,Derby County FC,Watford FC,0,2
2025-01-18T15:00:00Z,Luton Town FC,Preston North End FC,0,0
2025-01-18T15:00:00Z,Oxford United FC,Blackburn Rovers FC,1,0
2025-01-18T15:00:00Z,Portsmouth FC,Middlesbrough FC,2,1
2025-01-18T15:00:00Z,Sheffield United FC,Norwich City FC,2,0
2025-01-18T15:00:00Z,West Bromwich Albion FC,Stoke City FC,1,1
2025-01-19T12:00:00Z,Leeds United FC,Sheffield Wednesday FC,3,0
2025-01-21T19:45:00Z,Blackburn Rovers FC,Coventry City FC,0,2
2025-01-21T19:45:00Z,Derby County FC,Sunderland AFC,0,1
2025-01-21T19:45:00Z,Hull City AFC,Queens Park Rangers FC,1,2
2025-01-21T19:45:00Z,Middlesbrough FC,West Bromwich Albion FC,2,0
2025-01-21T19:45:00Z,Oxford United FC,Luton Town FC,3,2
2025-01-21T19:45:00Z,Swansea City AFC,Sheffield United FC,1,2
2025-01-21T19:45:00Z,Watford FC,Preston North End FC,1,2
2025-01-21T20:00:00Z,Millwall FC,Cardiff City FC,2,2
2025-01-22T19:45:00Z,Leeds United FC,Norwich City FC,2,0
2025-01-22T19:45:00Z,Portsmouth FC,Stoke City FC,3,1
2025-01-22T19:45:00Z,Sheffield Wednesday FC,Bristol City FC,2,2
2025-01-22T20:00:00Z,Plymouth Argyle FC,Burnley FC,0,5
2025-01-24T20:00:00Z,Sheffield United FC,Hull City AFC,0,3
2025-01-25T12:30:00Z,Luton Town FC,Millwall FC,0,1
2025-01-25T12:30:00Z,Norwich City FC,Swansea City AFC,5,1
2025-01-25T12:30:00Z,Stoke City FC,Oxford United FC,0,0
2025-01-25T15:00:00Z,Bristol City FC,Blackburn Rovers FC,2,1
2025-01-25T15:00:00Z,Cardiff City FC,Derby County FC,2,1
2025-01-25T15:00:00Z,Coventry City FC,Watford FC,2,1
2025-01-25T15:00:00Z,Preston North End FC,Middlesbrough FC,2,1
2025-01-25T15:00:00Z,Queens Park Rangers FC,Sheffield Wednesday FC,0,2
2025-01-25T15:00:00Z,Sunderland AFC,Plymouth Argyle FC,2,2
2025-01-25T15:00:00Z,West Bromwich Albion FC,Portsmouth FC,5,1
2025-01-27T20:00:00Z,Burnley FC,Leeds United FC,0,0
2025-01-28T19:45:00Z,Portsmouth FC,Millwall FC,0,1
2025-01-31T20:00:00Z,Blackburn Rovers FC,Preston North End FC,2,1
2025-02-01T12:30:00Z,Oxford United FC,Bristol City FC,1,1
2025-02-01T12:30:00Z,Plymouth Argyle FC,West Bromwich Albion FC,2,1
2025-02-01T12:30:00Z,Watford FC,Norwich City FC,0,1
2025-02-01T15:00:00Z,Derby County FC,Sheffield United FC,0,1
2025-02-01T15:00:00Z,Hull City AFC,Stoke City FC,1,2
2025-02-01T15:00:00Z,Leeds United FC,Cardiff City FC,7,0
2025-02-01T15:00:00Z,Millwall FC,Queens Park Rangers FC,2,1
2025-02-01T15:00:00Z,Portsmouth FC,Burnley FC,0,0
2025-02-01T15:00:00Z,Sheffield Wednesday FC,Luton Town FC,1,1
2025-02-01T15:00:00Z,Swansea City AFC,Coventry City FC,0,2
2025-02-03T20:00:00Z,Middlesbrough FC,Sunderland AFC,2,3
2025-02-04T19:45:00Z,Burnley FC,Oxford United FC,1,0
2025-02-04T19:45:00Z,Queens Park Rangers FC,Blackburn Rovers FC,2,1
2025-02-05T19:45:00Z,Coventry City FC,Leeds United FC,0,2
2025-02-08T12:30:00Z,Sunderland AFC,Watford FC,2,2
2025-02-08T12:30:00Z,West Bromwich Albion FC,Sheffield Wednesday FC,2,1
2025-02-08T15:00:00Z,Norwich City FC,Derby County FC,1,1
2025-02-08T15:00:00Z,Sheffield United FC,Portsmouth FC,2,1
2025-02-09T12:00:00Z,Bristol City FC,Swansea City AFC,0,1
2025-02-11T19:45:00Z,Coventry City FC,Queens Park Rangers FC,1,0
2025-02-11T19:45:00Z,Derby County FC,Oxford United FC,0,0
2025-02-11T19:45:00Z,Portsmouth FC,Cardiff City FC,2,1
2025-02-11T19:45:00Z,Watford FC,Leeds United FC,0,4
2025-02-11T20:00:00Z,Norwich City FC,Preston North End FC,0,1
2025-02-12T19:45:00Z,Bristol City FC,Stoke City FC,2,0
2025-02-12T19:45:00Z,Plymouth Argyle FC,Millwall FC,5,1
2025-02-12T19:45:00Z,Swansea City AFC,Sheffield Wednesday FC,0,1
2025-02-12T19:45:00Z,Burnley FC,Hull City AFC,2,0
2025-02-12T19:45:00Z,Sunderland AFC,Luton Town FC,2,0
2025-02-12T20:00:00Z,Sheffield United FC,Middlesbrough FC,3,1
2025-02-12T20:00:00Z,West Bromwich Albion FC,Blackburn Rovers FC,0,2
2025-02-14T20:00:00Z,Queens Park Rangers FC,Derby County FC,4,0
2025-02-15T12:30:00Z,Cardiff City FC,Bristol City FC,1,1
2025-02-15T12:30:00Z,Oxford United FC,Portsmouth FC,0,2
2025-02-15T12:30:00Z,Preston North End FC,Burnley FC,0,0
2025-02-15T15:00:00Z,Blackburn Rovers FC,Plymouth Argyle FC,2,0
2025-02-15T15:00:00Z,Hull City AFC,Norwich City FC,1,1
2025-02-15T15:00:00Z,Luton Town FC,Sheffield United FC,0,1
2025-02-15T15:00:00Z,Middlesbrough FC,Watford FC,0,1
2025-02-15T15:00:00Z,Millwall FC,West Bromwich Albion FC,1,1
2025-02-15T15:00:00Z,Sheffield Wednesday FC,Coventry City FC,1,2
2025-02-15T15:00:00Z,Stoke City FC,Swansea City AFC,3,1
2025-02-17T20:00:00Z,Leeds United FC,Sunderland AFC,2,1
2025-02-18T19:45:00Z,Preston North End FC,Millwall FC,1,1
2025-02-19T19:45:00Z,Luton Town FC,Plymouth Argyle FC,1,1
2025-02-21T19:45:00Z,Bristol City FC,Middlesbrough FC,2,1
2025-02-21T20:00:00Z,Burnley FC,Sheffield Wednesday FC,4,0
2025-02-22T12:30:00Z,Derby County FC,Millwall FC,0,1
2025-02-22T12:30:00Z,Plymouth Argyle FC,Cardiff City FC,1,1
2025-02-22T12:30:00Z,Sunderland AFC,Hull City AFC,0,1
2025-02-22T15:00:00Z,Coventry City FC,Preston North End FC,2,1
2025-02-22T15:00:00Z,Norwich City FC,Stoke City FC,4,2
2025-02-22T15:00:00Z,Portsmouth FC,Queens Park Rangers FC,2,1
2025-02-22T15:00:00Z,Swansea City AFC,Blackburn Rovers FC,3,0
2025-02-22T15:00:00Z,West Bromwich Albion FC,Oxford United FC,2,0
2025-02-23T12:00:00Z,Watford FC,Luton Town FC,2,0
2025-02-24T20:00:00Z,Sheffield United FC,Leeds United FC,1,3
2025-02-25T19:45:00Z,Cardiff City FC,Hull City AFC,1,0
2025-02-25T19:45:00Z,Stoke City FC,Middlesbrough FC,1,3
2025-02-28T20:00:00Z,Sheffield Wednesday FC,Sunderland AFC,1,2
2025-03-01T12:30:00Z,Blackburn Rovers FC,Norwich City FC,1,1
2025-03-01T12:30:00Z,Leeds United FC,West Bromwich Albion FC,1,1
2025-03-01T12:30:00Z,Oxford United FC,Coventry City FC,2,3
2025-03-01T15:00:00Z,Luton Town FC,Portsmouth FC,1,0
2025-03-01T15:00:00Z,Middlesbrough FC,Derby County FC,1,0
2025-03-01T15:00:00Z,Queens Park Rangers FC,Sheffield United FC,1,2
2025-03-01T15:00:00Z,Stoke City FC,Watford FC,0,0
2025-03-04T19:45:00Z,Cardiff City FC,Burnley FC,1,2
2025-03-04T19:45:00Z,Hull City AFC,Plymouth Argyle FC,2,0
2025-03-04T19:45:00Z,Millwall FC,Bristol City FC,0,2
2025-03-04T19:45:00Z,Preston North End FC,Swansea City AFC,0,0
2025-03-07T20:00:00Z,Norwich City FC,Oxford United FC,1,1
2025-03-08T12:30:00Z,Coventry City FC,Stoke City FC,3,2
2025-03-08T12:30:00Z,Watford FC,Millwall FC,1,2
2025-03-08T15:00:00Z,Bristol City FC,Hull City AFC,1,1
2025-03-08T15:00:00Z,Burnley FC,Luton Town FC,4,0
2025-03-08T15:00:00Z,Derby County FC,Blackburn Rovers FC,2,1
2025-03-08T15:00:00Z,Plymouth Argyle FC,Sheffield Wednesday FC,0,3
2025-03-08T15:00:00Z,Sheffield United FC,Preston North End FC,1,0
2025-03-08T15:00:00Z,Sunderland AFC,Cardiff City FC,2,1
2025-03-08T15:00:00Z,Swansea City AFC,Middlesbrough FC,1,0
2025-03-08T15:00:00Z,West Bromwich Albion FC,Queens Park Rangers FC,1,0
2025-03-09T12:00:00Z,Portsmouth FC,Leeds United FC,1,0
2025-03-11T19:45:00Z,Burnley FC,West Bromwich Albion FC,1,1
2025-03-11T19:45:00Z,Cardiff City FC,Luton Town FC,1,2
2025-03-11T19:45:00Z,Derby County FC,Coventry City FC,2,0
2025-03-11T19:45:00Z,Middlesbrough FC,Queens Park Rangers FC,2,1
2025-03-11T19:45:00Z,Sunderland AFC,Preston North End FC,1,1
2025-03-11T19:45:00Z,Norwich City FC,Sheffield Wednesday FC,2,3
2025-03-11T20:00:00Z,Sheffield United FC,Bristol City FC,1,1
2025-03-12T19:45:00Z,Portsmouth FC,Plymouth Argyle FC,1,2
2025-03-12T19:45:00Z,Hull City AFC,Oxford United FC,2,1
2025-03-12T19:45:00Z,Leeds United FC,Millwall FC,2,0
2025-03-12T19:45:00Z,Watford FC,Swansea City AFC,1,0
2025-03-12T20:00:00Z,Stoke City FC,Blackburn Rovers FC,1,0
2025-03-14T20:00:00Z,Bristol City FC,Norwich City FC,2,1
2025-03-15T12:30:00Z,Millwall FC,Stoke City FC,1,0
2025-03-15T12:30:00Z,Queens Park Rangers FC,Leeds United FC,2,2
2025-03-15T15:00:00Z,Blackburn Rovers FC,Cardiff City FC,1,2
2025-03-15T15:00:00Z,Coventry City FC,Sunderland AFC,3,0
2025-03-15T15:00:00Z,Luton Town FC,Middlesbrough FC,0,0
2025-03-15T15:00:00Z,Oxford United FC,Watford FC,1,0
2025-03-15T15:00:00Z,Plymouth Argyle FC,Derby County FC,2,3
2025-03-15T15:00:00Z,Preston North End FC,Portsmouth FC,2,1
2025-03-15T15:00:00Z,Swansea City AFC,Burnley FC,0,2
2025-03-15T15:00:00Z,West Bromwich Albion FC,Hull City AFC,1,1
2025-03-16T12:30:00Z,Sheffield Wednesday FC,Sheffield United FC,0,1
2025-03-28T20:00:00Z,Sheffield United FC,Coventry City FC,3,1
2025-03-29T12:30:00Z,Watford FC,Plymouth Argyle FC,0,0
2025-03-29T12:30:00Z,Hull City AFC,Luton Town FC,0,1
2025-03-29T15:00:00Z,Sunderland AFC,Millwall FC,1,0
2025-03-29T15:00:00Z,Cardiff City FC,Sheffield Wednesday FC,1,1
2025-03-29T15:00:00Z,Burnley FC,Bristol City FC,1,0
2025-03-29T15:00:00Z,Middlesbrough FC,Oxford United FC,2,1
2025-03-29T15:00:00Z,Leeds United FC,Swansea City AFC,2,2
2025-03-29T15:00:00Z,Norwich City FC,West Bromwich Albion FC,1,0
2025-03-29T15:00:00Z,Portsmouth FC,Blackburn Rovers FC,1,0
2025-03-29T15:00:00Z,Stoke City FC,Queens Park Rangers FC,3,1
2025-04-02T18:45:00Z,Derby County FC,Preston North End FC,2,0
2025-04-04T19:00:00Z,Blackburn Rovers FC,Middlesbrough FC,0,2
2025-04-05T11:30:00Z,Coventry City FC,Burnley FC,1,2
2025-04-05T11:30:00Z,Luton Town FC,Leeds United FC,1,1
2025-04-05T11:30:00Z,West Bromwich Albion FC,Sunderland AFC,0,1
2025-04-05T14:00:00Z,Bristol City FC,Watford FC,2,1
2025-04-05T14:00:00Z,Millwall FC,Portsmouth FC,2,1
2025-04-05T14:00:00Z,Oxford United FC,Sheffield United FC,1,0
2025-04-05T14:00:00Z,Plymouth Argyle FC,Norwich City FC,2,1
2025-04-05T14:00:00Z,Preston North End FC,Stoke City FC,1,1
2025-04-05T14:00:00Z,Queens Park Rangers FC,Cardiff City FC,0,0
2025-04-05T14:00:00Z,Sheffield Wednesday FC,Hull City AFC,0,1
2025-04-05T14:00:00Z,Swansea City AFC,Derby County FC,1,0
2025-04-08T18:45:00Z,Blackburn Rovers FC,Sheffield Wednesday FC,2,2
2025-04-08T18:45:00Z,Bristol City FC,West Bromwich Albion FC,2,1
2025-04-08T18:45:00Z,Norwich City FC,Sunderland AFC,0,0
2025-04-08T18:45:00Z,Preston North End FC,Cardiff City FC,2,2
2025-04-08T18:45:00Z,Sheffield United FC,Millwall FC,0,1
2025-04-08T18:45:00Z,Stoke City FC,Luton Town FC,1,1
2025-04-08T18:45:00Z,Watford FC,Hull City AFC,1,0
2025-04-08T18:45:00Z,Derby County FC,Burnley FC,0,0
2025-04-08T19:00:00Z,Middlesbrough FC,Leeds United FC,0,1
2025-04-09T18:45:00Z,Oxford United FC,Queens Park Rangers FC,1,3
2025-04-09T18:45:00Z,Swansea City AFC,Plymouth Argyle FC,3,0
2025-04-09T19:00:00Z,Coventry City FC,Portsmouth FC,1,0
2025-04-11T19:00:00Z,Burnley FC,Norwich City FC,2,1
2025-04-12T11:30:00Z,Leeds United FC,Preston North End FC,2,1
2025-04-12T11:30:00Z,Plymouth Argyle FC,Sheffield United FC,2,1
2025-04-12T14:00:00Z,Cardiff City FC,Stoke City FC,0,1
2025-04-12T14:00:00Z,Luton Town FC,Blackburn Rovers FC,0,1
2025-04-12T14:00:00Z,Millwall FC,Middlesbrough FC,1,0
2025-04-12T14:00:00Z,Portsmouth FC,Derby County FC,2,2
2025-04-12T14:00:00Z,Queens Park Rangers FC,Bristol City FC,1,1
2025-04-12T14:00:00Z,Sheffield Wednesday FC,Oxford United FC,0,1
2025-04-12T14:00:00Z,Sunderland AFC,Swansea City AFC,0,1
2025-04-12T14:00:00Z,West Bromwich Albion FC,Watford FC,2,1
2025-04-14T19:00:00Z,Hull City AFC,Coventry City FC,1,1
2025-04-18T11:30:00Z,Derby County FC,Luton Town FC,0,1
2025-04-18T14:00:00Z,Blackburn Rovers FC,Millwall FC,4,1
2025-04-18T14:00:00Z,Bristol City FC,Sunderland AFC,2,1
2025-04-18T14:00:00Z,Coventry City FC,West Bromwich Albion FC,2,0
2025-04-18T14:00:00Z,Middlesbrough FC,Plymouth Argyle FC,2,1
2025-04-18T14:00:00Z,Watford FC,Burnley FC,1,2
2025-04-18T14:00:00Z,Norwich City FC,Portsmouth FC,3,5
2025-04-18T14:00:00Z,Preston North End FC,Queens Park Rangers FC,1,2
2025-04-18T14:00:00Z,Stoke City FC,Sheffield Wednesday FC,2,0
2025-04-18T14:00:00Z,Swansea City AFC,Hull City AFC,1,0
2025-04-18T16:30:00Z,Sheffield United FC,Cardiff City FC,2,0
2025-04-18T19:00:00Z,Oxford United FC,Leeds United FC,0,1
2025-04-21T14:00:00Z,Cardiff City FC,Oxford United FC,1,1
2025-04-21T14:00:00Z,Hull City AFC,Preston North End FC,2,1
2025-04-21T14:00:00Z,Leeds United FC,Stoke City FC,6,0
2025-04-21T14:00:00Z,Luton Town FC,Bristol City FC,3,1
2025-04-21T14:00:00Z,Millwall FC,Norwich City FC,3,1
2025-04-21T14:00:00Z,Plymouth Argyle FC,Coventry City FC,3,1
2025-04-21T14:00:00Z,Portsmouth FC,Watford FC,1,0
2025-04-21T14:00:00Z,Queens Park Rangers FC,Swansea City AFC,1,2
2025-04-21T14:00:00Z,Sheffield Wednesday FC,Middlesbrough FC,2,1
2025-04-21T14:00:00Z,Sunderland AFC,Blackburn Rovers FC,0,1
2025-04-21T14:00:00Z,West Bromwich Albion FC,Derby County FC,1,3
2025-04-21T16:30:00Z,Burnley FC,Sheffield United FC,2,1
2025-04-25T19:00:00Z,Stoke City FC,Sheffield United FC,0,2
2025-04-26T11:30:00Z,Luton Town FC,Coventry City FC,1,0
2025-04-26T11:30:00Z,Queens Park Rangers FC,Burnley FC,0,5
2025-04-26T14:00:00Z,Blackburn Rovers FC,Watford FC,2,1
2025-04-26T14:00:00Z,Cardiff City FC,West Bromwich Albion FC,0,0
2025-04-26T14:00:00Z,Hull City AFC,Derby County FC,0,1
2025-04-26T14:00:00Z,Middlesbrough FC,Norwich City FC,0,0
2025-04-26T14:00:00Z,Millwall FC,Swansea City AFC,1,0
2025-04-26T14:00:00Z,Oxford United FC,Sunderland AFC,2,0
2025-04-26T14:00:00Z,Preston North End FC,Plymouth Argyle FC,1,2
2025-04-26T14:00:00Z,Sheffield Wednesday FC,Portsmouth FC,1,1
2025-04-28T19:00:00Z,Leeds United FC,Bristol City FC,4,0
2025-05-03T11:30:00Z,Bristol City FC,Preston North End FC,2,2
2025-05-03T11:30:00Z,Burnley FC,Millwall FC,3,1
2025-05-03T11:30:00Z,Coventry City FC,Middlesbrough FC,2,0
2025-05-03T11:30:00Z,Derby County FC,Stoke City FC,0,0
2025-05-03T11:30:00Z,Norwich City FC,Cardiff City FC,4,2
2025-05-03T11:30:00Z,Plymouth Argyle FC,Leeds United FC,1,2
2025-05-03T11:30:00Z,Portsmouth FC,Hull City AFC,1,1
2025-05-03T11:30:00Z,Sheffield United FC,Blackburn Rovers FC,1,1
2025-05-03T11:30:00Z,Sunderland AFC,Queens Park Rangers FC,0,1
2025-05-03T11:30:00Z,Swansea City AFC,Oxford United FC,3,3
2025-05-03T11:30:00Z,Watford FC,Sheffield Wednesday FC,1,1
2025-05-03T11:30:00Z,West Bromwich Albion FC,Luton Town FC,5,3
2025-05-08T19:00:00Z,Bristol City FC,Sheffield United FC,0,3
2025-05-09T19:00:00Z,Coventry City FC,Sunderland AFC,1,2
2025-05-12T19:00:00Z,Sheffield United FC,Bristol City FC,3,0
2025-05-13T19:00:00Z,Sunderland AFC,Coventry City FC,1,1
2025-05-24T14:01:00Z,Sheffield United FC,Sunderland AFC,1,2
2025-08-08T19:00:00Z,Birmingham City FC,Ipswich Town FC,1,1
2025-08-09T11:30:00Z,Charlton Athletic FC,Watford FC,1,0
2025-08-09T11:30:00Z,Coventry City FC,Hull City AFC,0,0
2025-08-09T11:30:00Z,Southampton FC,Wrexham AFC,2,1
2025-08-09T14:00:00Z,Middlesbrough FC,Swansea City AFC,1,0
2025-08-09T14:00:00Z,Norwich City FC,Millwall FC,1,2
2025-08-09T14:00:00Z,Oxford United FC,Portsmouth FC,0,1
2025-08-09T14:00:00Z,Queens Park Rangers FC,Preston North End FC,1,1
2025-08-09T14:00:00Z,Stoke City FC,Derby County FC,3,1
2025-08-09T14:00:00Z,West Bromwich Albion FC,Blackburn Rovers FC,1,0
2025-08-09T16:30:00Z,Sheffield United FC,Bristol City FC,1,4
2025-08-10T15:30:00Z,Leicester City FC,Sheffield Wednesday FC,2,1
2025-08-16T11:30:00Z,Derby County FC,Coventry City FC,3,5
2025-08-16T11:30:00Z,Portsmouth FC,Norwich City FC,1,2
2025-08-16T11:30:00Z,Wrexham AFC,West Bromwich Albion FC,2,3
2025-08-16T14:00:00Z,Blackburn Rovers FC,Birmingham City FC,1,2
2025-08-16T14:00:00Z,Bristol City FC,Charlton Athletic FC,0,0
2025-08-16T14:00:00Z,Millwall FC,Middlesbrough FC,0,3
2025-08-16T14:00:00Z,Preston North End FC,Leicester City FC,2,1
2025-08-16T14:00:00Z,Sheffield Wednesday FC,Stoke City FC,0,3
2025-08-16T14:00:00Z,Swansea City AFC,Sheffield United FC,1,0
2025-08-16T14:00:00Z,Watford FC,Queens Park Rangers FC,2,1
2025-08-17T11:00:00Z,Ipswich Town FC,Southampton FC,1,1
2025-08-17T14:00:00Z,Hull City AFC,Oxford United FC,3,2
2025-08-22T19:00:00Z,Derby County FC,Bristol City FC,1,1
2025-08-23T11:30:00Z,Charlton Athletic FC,Leicester City FC,0,1
2025-08-23T11:30:00Z,Hull City AFC,Blackburn Rovers FC,0,3
2025-08-23T11:30:00Z,Swansea City AFC,Watford FC,1,1
2025-08-23T14:00:00Z,Birmingham City FC,Oxford United FC,1,0
2025-08-23T14:00:00Z,Coventry City FC,Queens Park Rangers FC,7,1
2025-08-23T14:00:00Z,Norwich City FC,Middlesbrough FC,1,2
2025-08-23T14:00:00Z,Preston North End FC,Ipswich Town FC,1,0
2025-08-23T14:00:00Z,Sheffield United FC,Millwall FC,0,1
2025-08-23T14:00:00Z,Southampton FC,Stoke City FC,1,2
2025-08-23T14:00:00Z,West Bromwich Albion FC,Portsmouth FC,1,1
2025-08-23T14:00:00Z,Wrexham AFC,Sheffield Wednesday FC,2,2
2025-08-29T19:00:00Z,Leicester City FC,Birmingham City FC,2,0
2025-08-30T11:30:00Z,Middlesbrough FC,Sheffield United FC,1,0
2025-08-30T11:30:00Z,Queens Park Rangers FC,Charlton Athletic FC,3,1
2025-08-30T11:30:00Z,Stoke City FC,West Bromwich Albion FC,0,1
2025-08-30T14:00:00Z,Blackburn Rovers FC,Norwich City FC,0,2
2025-08-30T14:00:00Z,Bristol City FC,Hull City AFC,4,2
2025-08-30T14:00:00Z,Ipswich Town FC,Derby County FC,2,2
2025-08-30T14:00:00Z,Millwall FC,Wrexham AFC,0,2
2025-08-30T14:00:00Z,Oxford United FC,Coventry City FC,2,2
2025-08-30T14:00:00Z,Portsmouth FC,Preston North End FC,1,0
2025-08-30T14:00:00Z,Sheffield Wednesday FC,Swansea City AFC,0,2
2025-08-30T14:00:00Z,Watford FC,Southampton FC,2,2
2025-09-12T19:00:00Z,Ipswich Town FC,Sheffield United FC,5,0
2025-09-13T11:30:00Z,Charlton Athletic FC,Millwall FC,1,1
2025-09-13T11:30:00Z,Oxford United FC,Leicester City FC,2,2
2025-09-13T11:30:00Z,Preston North End FC,Middlesbrough FC,2,2
2025-09-13T14:00:00Z,Coventry City FC,Norwich City FC,1,1
2025-09-13T14:00:00Z,Sheffield Wednesday FC,Bristol City FC,0,3
2025-09-13T14:00:00Z,Stoke City FC,Birmingham City FC,1,0
2025-09-13T14:00:00Z,Swansea City AFC,Hull City AFC,2,2
2025-09-13T14:00:00Z,Watford FC,Blackburn Rovers FC,0,1
2025-09-13T14:00:00Z,West Bromwich Albion FC,Derby County FC,0,1
2025-09-13T14:00:00Z,Wrexham AFC,Queens Park Rangers FC,1,3
2025-09-14T11:00:00Z,Southampton FC,Portsmouth FC,0,0
2025-09-19T19:00:00Z,Middlesbrough FC,West Bromwich Albion FC,2,1
2025-09-20T11:30:00Z,Birmingham City FC,Swansea City AFC,1,0
2025-09-20T11:30:00Z,Leicester City FC,Coventry City FC,0,0
2025-09-20T11:30:00Z,Queens Park Rangers FC,Stoke City FC,1,0
2025-09-20T14:00:00Z,Derby County FC,Preston North End FC,0,1
2025-09-20T14:00:00Z,Hull City AFC,Southampton FC,3,1
2025-09-20T14:00:00Z,Norwich City FC,Wrexham AFC,2,3
2025-09-20T14:00:00Z,Portsmouth FC,Sheffield Wednesday FC,0,2
2025-09-20T14:00:00Z,Sheffield United FC,Charlton Athletic FC,0,1
2025-09-21T14:00:00Z,Bristol City FC,Oxford United FC,1,3
2025-09-22T19:00:00Z,Millwall FC,Watford FC,1,0
2025-09-26T19:00:00Z,West Bromwich Albion FC,Leicester City FC,1,1
2025-09-27T11:30:00Z,Coventry City FC,Birmingham City FC,3,0
2025-09-27T11:30:00Z,Swansea City AFC,Millwall FC,1,1
2025-09-27T11:30:00Z,Wrexham AFC,Derby County FC,1,1
2025-09-27T14:00:00Z,Charlton Athletic FC,Blackburn Rovers FC,3,0
2025-09-27T14:00:00Z,Ipswich Town FC,Portsmouth FC,2,1
2025-09-27T14:00:00Z,Oxford United FC,Sheffield United FC,0,1
2025-09-27T14:00:00Z,Preston North End FC,Bristol City FC,0,0
2025-09-27T14:00:00Z,Sheffield Wednesday FC,Queens Park Rangers FC,1,1
2025-09-27T14:00:00Z,Southampton FC,Middlesbrough FC,1,1
2025-09-27T14:00:00Z,Stoke City FC,Norwich City FC,1,1
2025-09-27T14:00:00Z,Watford FC,Hull City AFC,2,1
2025-09-30T18:45:00Z,Birmingham City FC,Sheffield Wednesday FC,2,2
2025-09-30T18:45:00Z,Blackburn Rovers FC,Swansea City AFC,1,2
2025-09-30T18:45:00Z,Bristol City FC,Ipswich Town FC,1,1
2025-09-30T18:45:00Z,Hull City AFC,Preston North End FC,2,2
2025-09-30T18:45:00Z,Leicester City FC,Wrexham AFC,1,1
2025-09-30T18:45:00Z,Middlesbrough FC,Stoke City FC,0,0
2025-09-30T18:45:00Z,Sheffield United FC,Southampton FC,1,2
2025-09-30T19:00:00Z,Derby County FC,Charlton Athletic FC,1,1
2025-10-01T18:45:00Z,Millwall FC,Coventry City FC,0,4
2025-10-01T18:45:00Z,Norwich City FC,West Bromwich Albion FC,0,1
2025-10-01T18:45:00Z,Portsmouth FC,Watford FC,2,2
2025-10-01T19:00:00Z,Queens Park Rangers FC,Oxford United FC,0,0
2025-10-03T19:00:00Z,Wrexham AFC,Birmingham City FC,1,1
2025-10-04T11:30:00Z,Blackburn Rovers FC,Stoke City FC,1,1
2025-10-04T11:30:00Z,Hull City AFC,Sheffield United FC,1,0
2025-10-04T11:30:00Z,Sheffield Wednesday FC,Coventry City FC,0,5
2025-10-04T14:00:00Z,Bristol City FC,Queens Park Rangers FC,1,2
2025-10-04T14:00:00Z,Derby County FC,Southampton FC,1,1
2025-10-04T14:00:00Z,Millwall FC,West Bromwich Albion FC,3,0
2025-10-04T14:00:00Z,Portsmouth FC,Middlesbrough FC,1,0
2025-10-04T14:00:00Z,Preston North End FC,Charlton Athletic FC,2,0
2025-10-04T14:00:00Z,Swansea City AFC,Leicester City FC,1,3
2025-10-04T14:00:00Z,Watford FC,Oxford United FC,2,1
2025-10-05T11:00:00Z,Ipswich Town FC,Norwich City FC,3,1
2025-10-17T19:00:00Z,Middlesbrough FC,Ipswich Town FC,2,1
2025-10-18T11:30:00Z,Oxford United FC,Derby County FC,1,0
2025-10-18T11:30:00Z,Queens Park Rangers FC,Millwall FC,1,2
2025-10-18T11:30:00Z,Southampton FC,Swansea City AFC,0,0
2025-10-18T14:00:00Z,Birmingham City FC,Hull City AFC,2,3
2025-10-18T14:00:00Z,Charlton Athletic FC,Sheffield Wednesday FC,2,1
2025-10-18T14:00:00Z,Coventry City FC,Blackburn Rovers FC,2,0
2025-10-18T14:00:00Z,Norwich City FC,Bristol City FC,0,1
2025-10-18T14:00:00Z,Sheffield United FC,Watford FC,1,0
2025-10-18T14:00:00Z,Stoke City FC,Wrexham AFC,1,0
2025-10-18T14:00:00Z,West Bromwich Albion FC,Preston North End FC,2,1
2025-10-18T18:45:00Z,Leicester City FC,Portsmouth FC,1,1
2025-10-21T18:45:00Z,Blackburn Rovers FC,Sheffield United FC,1,3
2025-10-21T18:45:00Z,Derby County FC,Norwich City FC,1,0
2025-10-21T18:45:00Z,Hull City AFC,Leicester City FC,2,1
2025-10-21T18:45:00Z,Ipswich Town FC,Charlton Athletic FC,0,3
2025-10-21T18:45:00Z,Millwall FC,Stoke City FC,2,0
2025-10-21T18:45:00Z,Portsmouth FC,Coventry City FC,1,2
2025-10-21T18:45:00Z,Preston North End FC,Birmingham City FC,0,1
2025-10-21T19:00:00Z,Bristol City FC,Southampton FC,3,1
2025-10-22T18:45:00Z,Swansea City AFC,Queens Park Rangers FC,0,1
2025-10-22T18:45:00Z,Watford FC,West Bromwich Albion FC,2,1
2025-10-22T18:45:00Z,Wrexham AFC,Oxford United FC,1,0
2025-10-22T19:00:00Z,Sheffield Wednesday FC,Middlesbrough FC,0,1
2025-10-24T19:00:00Z,Preston North End FC,Sheffield United FC,3,2
2025-10-25T11:30:00Z,Coventry City FC,Watford FC,3,1
2025-10-25T11:30:00Z,Ipswich Town FC,West Bromwich Albion FC,1,0
2025-10-25T11:30:00Z,Portsmouth FC,Stoke City FC,0,1
2025-10-25T14:00:00Z,Blackburn Rovers FC,Southampton FC,2,1
2025-10-25T14:00:00Z,Bristol City FC,Birmingham City FC,1,0
2025-10-25T14:00:00Z,Derby County FC,Queens Park Rangers FC,1,0
2025-10-25T14:00:00Z,Hull City AFC,Charlton Athletic FC,1,1
2025-10-25T14:00:00Z,Middlesbrough FC,Wrexham AFC,1,1
2025-10-25T14:00:00Z,Millwall FC,Leicester City FC,1,0
2025-10-25T14:00:00Z,Sheffield Wednesday FC,Oxford United FC,1,2
2025-10-25T14:00:00Z,Swansea City AFC,Norwich City FC,2,1
2025-10-31T20:00:00Z,Wrexham AFC,Coventry City FC,3,2
2025-11-01T12:30:00Z,Leicester City FC,Blackburn Rovers FC,0,2
2025-11-01T12:30:00Z,Norwich City FC,Hull City AFC,0,2
2025-11-01T12:30:00Z,West Bromwich Albion FC,Sheffield Wednesday FC,0,0
2025-11-01T15:00:00Z,Birmingham City FC,Portsmouth FC,4,0
2025-11-01T15:00:00Z,Charlton Athletic FC,Swansea City AFC,1,1
2025-11-01T15:00:00Z,Oxford United FC,Millwall FC,2,2
2025-11-01T15:00:00Z,Queens Park Rangers FC,Ipswich Town FC,1,4
2025-11-01T15:00:00Z,Sheffield United FC,Derby County FC,1,3
2025-11-01T15:00:00Z,Southampton FC,Preston North End FC,0,2
2025-11-01T15:00:00Z,Stoke City FC,Bristol City FC,5,1
2025-11-01T15:00:00Z,Watford FC,Middlesbrough FC,3,0
2025-11-04T19:45:00Z,Birmingham City FC,Millwall FC,4,0
2025-11-04T19:45:00Z,Bristol City FC,Blackburn Rovers FC,0,1
2025-11-04T19:45:00Z,Charlton Athletic FC,West Bromwich Albion FC,1,0
2025-11-04T19:45:00Z,Derby County FC,Hull City AFC,2,1
2025-11-04T19:45:00Z,Ipswich Town FC,Watford FC,1,1
2025-11-04T19:45:00Z,Leicester City FC,Middlesbrough FC,1,1
2025-11-04T19:45:00Z,Oxford United FC,Stoke City FC,0,3
2025-11-04T20:00:00Z,Coventry City FC,Sheffield United FC,3,1
2025-11-05T19:45:00Z,Preston North End FC,Swansea City AFC,2,1
2025-11-05T19:45:00Z,Queens Park Rangers FC,Southampton FC,1,2
2025-11-05T19:45:00Z,Sheffield Wednesday FC,Norwich City FC,1,1
2025-11-05T20:00:00Z,Portsmouth FC,Wrexham AFC,0,0
2025-11-07T20:00:00Z,Watford FC,Bristol City FC,1,1
2025-11-08T12:30:00Z,Blackburn Rovers FC,Derby County FC,1,2
2025-11-08T12:30:00Z,Hull City AFC,Portsmouth FC,3,2
2025-11-08T12:30:00Z,Millwall FC,Preston North End FC,1,1
2025-11-08T15:00:00Z,Middlesbrough FC,Birmingham City FC,2,1
2025-11-08T15:00:00Z,Norwich City FC,Leicester City FC,1,2
2025-11-08T15:00:00Z,Sheffield United FC,Queens Park Rangers FC,0,0
2025-11-08T15:00:00Z,Southampton FC,Sheffield Wednesday FC,3,1
2025-11-08T15:00:00Z,Stoke City FC,Coventry City FC,0,1
2025-11-08T15:00:00Z,Swansea City AFC,Ipswich Town FC,1,4
2025-11-08T15:00:00Z,West Bromwich Albion FC,Oxford United FC,2,1
2025-11-08T15:00:00Z,Wrexham AFC,Charlton Athletic FC,1,0
2025-11-21T20:00:00Z,Preston North End FC,Blackburn Rovers FC,1,2
2025-11-22T12:30:00Z,Bristol City FC,Swansea City AFC,3,0
2025-11-22T12:30:00Z,Charlton Athletic FC,Southampton FC,1,5
2025-11-22T12:30:00Z,Coventry City FC,West Bromwich Albion FC,3,2
2025-11-22T15:00:00Z,Birmingham City FC,Norwich City FC,4,1
2025-11-22T15:00:00Z,Derby County FC,Watford FC,2,3
2025-11-22T15:00:00Z,Ipswich Town FC,Wrexham AFC,0,0
2025-11-22T15:00:00Z,Leicester City FC,Stoke City FC,2,1
2025-11-22T15:00:00Z,Oxford United FC,Middlesbrough FC,1,1
2025-11-22T15:00:00Z,Portsmouth FC,Millwall FC,3,1
2025-11-22T15:00:00Z,Queens Park Rangers FC,Hull City AFC,3,2
2025-11-23T12:00:00Z,Sheffield Wednesday FC,Sheffield United FC,0,3
2025-11-25T19:45:00Z,Hull City AFC,Ipswich Town FC,0,2
2025-11-25T19:45:00Z,Middlesbrough FC,Coventry City FC,2,4
2025-11-25T19:45:00Z,Stoke City FC,Charlton Athletic FC,3,0
2025-11-25T19:45:00Z,Swansea City AFC,Derby County FC,1,2
2025-11-25T19:45:00Z,Watford FC,Preston North End FC,1,1
2025-11-25T19:45:00Z,Norwich City FC,Oxford United FC,1,1
2025-11-25T20:00:00Z,Southampton FC,Leicester City FC,3,0
2025-11-26T19:45:00Z,Millwall FC,Sheffield Wednesday FC,1,0
2025-11-26T19:45:00Z,Sheffield United FC,Portsmouth FC,3,0
2025-11-26T19:45:00Z,Blackburn Rovers FC,Queens Park Rangers FC,0,1
2025-11-26T19:45:00Z,Wrexham AFC,Bristol City FC,2,0
2025-11-26T20:00:00Z,West Bromwich Albion FC,Birmingham City FC,1,1
2025-11-28T20:00:00Z,Oxford United FC,Ipswich Town FC,2,1
2025-11-29T12:30:00Z,Leicester City FC,Sheffield United FC,2,3
2025-11-29T12:30:00Z,Portsmouth FC,Bristol City FC,0,1
2025-11-29T12:30:00Z,Stoke City FC,Hull City AFC,1,2
2025-11-29T15:00:00Z,Coventry City FC,Charlton Athletic FC,3,1
2025-11-29T15:00:00Z,Middlesbrough FC,Derby County FC,2,1
2025-11-29T15:00:00Z,Millwall FC,Southampton FC,3,2
2025-11-29T15:00:00Z,Norwich City FC,Queens Park Rangers FC,3,1
2025-11-29T15:00:00Z,Sheffield Wednesday FC,Preston North End FC,2,3
2025-11-29T15:00:00Z,West Bromwich Albion FC,Swansea City AFC,3,2
2025-11-29T15:00:00Z,Wrexham AFC,Blackburn Rovers FC,1,1
2025-12-01T20:00:00Z,Birmingham City FC,Watford FC,2,1
2025-12-02T19:45:00Z,Blackburn Rovers FC,Ipswich Town FC,1,1
2025-12-05T20:15:00Z,Hull City AFC,Middlesbrough FC,1,4
2025-12-06T12:30:00Z,Derby County FC,Leicester City FC,1,3
2025-12-06T12:30:00Z,Watford FC,Norwich City FC,3,2
2025-12-06T15:00:00Z,Bristol City FC,Millwall FC,0,1
2025-12-06T15:00:00Z,Ipswich Town FC,Coventry City FC,3,0
2025-12-06T15:00:00Z,Preston North End FC,Wrexham AFC,1,1
2025-12-06T15:00:00Z,Queens Park Rangers FC,West Bromwich Albion FC,3,1
2025-12-06T15:00:00Z,Sheffield United FC,Stoke City FC,4,0
2025-12-06T15:00:00Z,Southampton FC,Birmingham City FC,3,1
2025-12-06T15:00:00Z,Swansea City AFC,Oxford United FC,2,0
2025-12-09T19:45:00Z,Blackburn Rovers FC,Oxford United FC,1,1
2025-12-09T19:45:00Z,Charlton Athletic FC,Middlesbrough FC,1,2
2025-12-09T19:45:00Z,Preston North End FC,Coventry City FC,1,1
2025-12-09T19:45:00Z,Sheffield United FC,Norwich City FC,1,1
2025-12-09T19:45:00Z,Southampton FC,West Bromwich Albion FC,3,2
2025-12-09T19:45:00Z,Swansea City AFC,Portsmouth FC,1,0
2025-12-09T19:45:00Z,Watford FC,Sheffield Wednesday FC,1,1
2025-12-09T20:00:00Z,Queens Park Rangers FC,Birmingham City FC,2,1
2025-12-10T19:45:00Z,Bristol City FC,Leicester City FC,2,2
2025-12-10T19:45:00Z,Derby County FC,Millwall FC,1,1
2025-12-10T19:45:00Z,Ipswich Town FC,Stoke City FC,1,0
2025-12-10T20:00:00Z,Hull City AFC,Wrexham AFC,2,0
2025-12-12T20:00:00Z,West Bromwich Albion FC,Sheffield United FC,2,0
2025-12-13T12:30:00Z,Norwich City FC,Southampton FC,2,1
2025-12-13T12:30:00Z,Oxford United FC,Preston North End FC,1,2
2025-12-13T12:30:00Z,Stoke City FC,Swansea City AFC,2,1
2025-12-13T15:00:00Z,Birmingham City FC,Charlton Athletic FC,1,1
2025-12-13T15:00:00Z,Coventry City FC,Bristol City FC,1,0
2025-12-13T15:00:00Z,Leicester City FC,Ipswich Town FC,3,1
2025-12-13T15:00:00Z,Middlesbrough FC,Queens Park Rangers FC,3,1
2025-12-13T15:00:00Z,Millwall FC,Hull City AFC,1,3
2025-12-13T15:00:00Z,Portsmouth FC,Blackburn Rovers FC,2,1
2025-12-13T15:00:00Z,Wrexham AFC,Watford FC,2,2
2025-12-15T20:00:00Z,Sheffield Wednesday FC,Derby County FC,0,3
2025-12-19T20:00:00Z,Swansea City AFC,Wrexham AFC,2,1
2025-12-20T12:30:00Z,Blackburn Rovers FC,Millwall FC,2,0
2025-12-20T12:30:00Z,Preston North End FC,Norwich City FC,1,1
2025-12-20T12:30:00Z,Southampton FC,Coventry City FC,1,1
2025-12-20T15:00:00Z,Bristol City FC,Middlesbrough FC,2,0
2025-12-20T15:00:00Z,Charlton Athletic FC,Oxford United FC,1,0
2025-12-20T15:00:00Z,Derby County FC,Portsmouth FC,1,1
2025-12-20T15:00:00Z,Hull City AFC,West Bromwich Albion FC,1,0
2025-12-20T15:00:00Z,Ipswich Town FC,Sheffield Wednesday FC,3,1
2025-12-20T15:00:00Z,Queens Park Rangers FC,Leicester City FC,4,1
2025-12-20T15:00:00Z,Sheffield United FC,Birmingham City FC,3,0
2025-12-20T15:00:00Z,Watford FC,Stoke City FC,1,0
2025-12-26T12:30:00Z,Birmingham City FC,Derby County FC,1,1
2025-12-26T13:00:00Z,Millwall FC,Ipswich Town FC,0,0
2025-12-26T15:00:00Z,Coventry City FC,Swansea City AFC,1,0
2025-12-26T15:00:00Z,Leicester City FC,Watford FC,1,2
2025-12-26T15:00:00Z,Middlesbrough FC,Blackburn Rovers FC,0,0
2025-12-26T15:00:00Z,Norwich City FC,Charlton Athletic FC,1,0
2025-12-26T15:00:00Z,Oxford United FC,Southampton FC,2,1
2025-12-26T15:00:00Z,Portsmouth FC,Queens Park Rangers FC,1,1
2025-12-26T15:00:00Z,Sheffield Wednesday FC,Hull City AFC,2,2
2025-12-26T15:00:00Z,Stoke City FC,Preston North End FC,0,0
2025-12-26T15:00:00Z,West Bromwich Albion FC,Bristol City FC,1,2
2025-12-26T17:30:00Z,Wrexham AFC,Sheffield United FC,5,3
2025-12-29T18:00:00Z,Coventry City FC,Ipswich Town FC,0,2
2025-12-29T19:45:00Z,Leicester City FC,Derby County FC,2,1
2025-12-29T19:45:00Z,Middlesbrough FC,Hull City AFC,0,1
2025-12-29T19:45:00Z,Millwall FC,Bristol City FC,2,1
2025-12-29T19:45:00Z,Norwich City FC,Watford FC,0,1
2025-12-29T19:45:00Z,Oxford United FC,Swansea City AFC,0,1
2025-12-29T19:45:00Z,Portsmouth FC,Charlton Athletic FC,2,1
2025-12-29T19:45:00Z,Sheffield Wednesday FC,Blackburn Rovers FC,0,0
2025-12-29T19:45:00Z,Stoke City FC,Sheffield United FC,1,2
2025-12-29T19:45:00Z,West Bromwich Albion FC,Queens Park Rangers FC,2,1
2025-12-29T19:45:00Z,Wrexham AFC,Preston North End FC,2,1
2025-12-29T20:15:00Z,Birmingham City FC,Southampton FC,1,1
2026-01-01T12:30:00Z,Blackburn Rovers FC,Wrexham AFC,0,2
2026-01-01T15:00:00Z,Bristol City FC,Portsmouth FC,5,0
2026-01-01T15:00:00Z,Charlton Athletic FC,Coventry City FC,1,1
2026-01-01T15:00:00Z,Derby County FC,Middlesbrough FC,1,0
2026-01-01T15:00:00Z,Hull City AFC,Stoke City FC,0,1
2026-01-01T15:00:00Z,Ipswich Town FC,Oxford United FC,2,1
2026-01-01T15:00:00Z,Preston North End FC,Sheffield Wednesday FC,3,0
2026-01-01T15:00:00Z,Queens Park Rangers FC,Norwich City FC,1,2
2026-01-01T15:00:00Z,Southampton FC,Millwall FC,0,0
2026-01-01T15:00:00Z,Swansea City AFC,West Bromwich Albion FC,1,0
2026-01-01T15:00:00Z,Watford FC,Birmingham City FC,3,0
2026-01-01T17:30:00Z,Sheffield United FC,Leicester City FC,3,1
2026-01-04T12:00:00Z,Birmingham City FC,Coventry City FC,3,2
2026-01-04T12:00:00Z,Queens Park Rangers FC,Sheffield Wednesday FC,3,0
2026-01-04T15:00:00Z,Blackburn Rovers FC,Charlton Athletic FC,2,2
2026-01-04T15:00:00Z,Bristol City FC,Preston North End FC,0,2
2026-01-04T15:00:00Z,Derby County FC,Wrexham AFC,1,2
2026-01-04T15:00:00Z,Middlesbrough FC,Southampton FC,4,0
2026-01-04T15:00:00Z,Millwall FC,Swansea City AFC,2,1
2026-01-04T15:00:00Z,Norwich City FC,Stoke City FC,0,2
2026-01-05T20:00:00Z,Leicester City FC,West Bromwich Albion FC,2,1
2026-01-16T20:00:00Z,West Bromwich Albion FC,Middlesbrough FC,2,3
2026-01-17T12:30:00Z,Coventry City FC,Leicester City FC,2,1
2026-01-17T12:30:00Z,Ipswich Town FC,Blackburn Rovers FC,3,0
2026-01-17T12:30:00Z,Watford FC,Millwall FC,0,2
2026-01-17T15:00:00Z,Charlton Athletic FC,Sheffield United FC,1,0
2026-01-17T15:00:00Z,Oxford United FC,Bristol City FC,0,0
2026-01-17T15:00:00Z,Preston North End FC,Derby County FC,0,1
2026-01-17T15:00:00Z,Sheffield Wednesday FC,Portsmouth FC,0,1
2026-01-17T15:00:00Z,Southampton FC,Hull City AFC,1,2
2026-01-17T15:00:00Z,Stoke City FC,Queens Park Rangers FC,0,0
2026-01-17T15:00:00Z,Wrexham AFC,Norwich City FC,1,2
2026-01-17T17:30:00Z,Swansea City AFC,Birmingham City FC,1,1
2026-01-20T19:45:00Z,Coventry City FC,Millwall FC,2,1
2026-01-20T19:45:00Z,Ipswich Town FC,Bristol City FC,2,0
2026-01-20T19:45:00Z,Oxford United FC,Queens Park Rangers FC,0,0
2026-01-20T19:45:00Z,Preston North End FC,Hull City AFC,0,3
2026-01-20T19:45:00Z,Sheffield Wednesday FC,Birmingham City FC,0,2
2026-01-20T19:45:00Z,Swansea City AFC,Blackburn Rovers FC,3,1
2026-01-20T19:45:00Z,West Bromwich Albion FC,Norwich City FC,0,5
2026-01-20T19:45:00Z,Charlton Athletic FC,Derby County FC,1,2
2026-01-20T20:00:00Z,Wrexham AFC,Leicester City FC,1,1
2026-01-21T19:45:00Z,Southampton FC,Sheffield United FC,1,0
2026-01-21T19:45:00Z,Watford FC,Portsmouth FC,1,1
2026-01-21T20:00:00Z,Stoke City FC,Middlesbrough FC,1,2
2026-01-23T20:00:00Z,Derby County FC,West Bromwich Albion FC,1,1
2026-01-24T12:30:00Z,Middlesbrough FC,Preston North End FC,4,0
2026-01-24T12:30:00Z,Millwall FC,Charlton Athletic FC,4,0
2026-01-24T15:00:00Z,Birmingham City FC,Stoke City FC,1,1
2026-01-24T15:00:00Z,Blackburn Rovers FC,Watford FC,1,1
2026-01-24T15:00:00Z,Bristol City FC,Sheffield Wednesday FC,2,0
2026-01-24T15:00:00Z,Hull City AFC,Swansea City AFC,2,1
2026-01-24T15:00:00Z,Leicester City FC,Oxford United FC,1,2
2026-01-24T15:00:00Z,Queens Park Rangers FC,Wrexham AFC,2,3
2026-01-24T15:00:00Z,Sheffield United FC,Ipswich Town FC,3,1
2026-01-25T12:00:00Z,Portsmouth FC,Southampton FC,1,1
2026-01-26T20:00:00Z,Norwich City FC,Coventry City FC,2,1
2026-01-30T20:00:00Z,Bristol City FC,Derby County FC,0,5
2026-01-31T12:30:00Z,Leicester City FC,Charlton Athletic FC,0,2
2026-01-31T12:30:00Z,Sheffield Wednesday FC,Wrexham AFC,0,1
2026-01-31T12:30:00Z,Stoke City FC,Southampton FC,0,2
2026-01-31T15:00:00Z,Blackburn Rovers FC,Hull City AFC,0,1
2026-01-31T15:00:00Z,Ipswich Town FC,Preston North End FC,1,1
2026-01-31T15:00:00Z,Middlesbrough FC,Norwich City FC,1,0
2026-01-31T15:00:00Z,Millwall FC,Sheffield United FC,1,1
2026-01-31T15:00:00Z,Oxford United FC,Birmingham City FC,0,2
2026-01-31T15:00:00Z,Portsmouth FC,West Bromwich Albion FC,3,0
2026-01-31T15:00:00Z,Queens Park Rangers FC,Coventry City FC,2,1
2026-01-31T15:00:00Z,Watford FC,Swansea City AFC,0,2
2026-02-03T19:45:00Z,Blackburn Rovers FC,Sheffield Wednesday FC,1,0
2026-02-03T19:45:00Z,Hull City AFC,Watford FC,0,0
2026-02-03T19:45:00Z,Sheffield United FC,Oxford United FC,3,1
2026-02-06T20:01:00Z,Charlton Athletic FC,Queens Park Rangers FC,0,0
2026-02-07T12:31:00Z,Derby County FC,Ipswich Town FC,1,2
2026-02-07T12:31:00Z,Norwich City FC,Blackburn Rovers FC,2,0
2026-02-07T12:31:00Z,Southampton FC,Watford FC,1,0
2026-02-07T15:01:00Z,Birmingham City FC,Leicester City FC,2,1
2026-02-07T15:01:00Z,Coventry City FC,Oxford United FC,0,0
2026-02-07T15:01:00Z,Hull City AFC,Bristol City FC,2,3
2026-02-07T15:01:00Z,Preston North End FC,Portsmouth FC,1,0
2026-02-07T15:01:00Z,West Bromwich Albion FC,Stoke City FC,0,0
2026-02-07T15:01:00Z,Wrexham AFC,Millwall FC,0,2
2026-02-08T12:01:00Z,Swansea City AFC,Sheffield Wednesday FC,4,0
2026-02-09T20:01:00Z,Sheffield United FC,Middlesbrough FC,1,2
2026-02-10T19:45:00Z,Leicester City FC,Southampton FC,3,4
2026-02-10T19:45:00Z,Oxford United FC,Norwich City FC,0,3
2026-02-10T20:00:00Z,Birmingham City FC,West Bromwich Albion FC,0,0
2026-02-11T19:45:00Z,Charlton Athletic FC,Stoke City FC,1,0
2026-02-14T15:00:00Z,Derby County FC,Swansea City AFC,2,0
2026-02-14T15:00:00Z,Portsmouth FC,Sheffield United FC,0,1
2026-02-14T15:00:00Z,Preston North End FC,Watford FC,2,2
2026-02-14T15:00:00Z,Queens Park Rangers FC,Blackburn Rovers FC,1,3
2026-02-14T15:00:00Z,Sheffield Wednesday FC,Millwall FC,1,2
2026-02-16T20:00:00Z,Coventry City FC,Middlesbrough FC,3,1
2026-02-17T19:45:00Z,Bristol City FC,Wrexham AFC,2,2
2026-02-20T20:00:00Z,Blackburn Rovers FC,Preston North End FC,1,0
2026-02-21T12:30:00Z,Hull City AFC,Queens Park Rangers FC,1,3
2026-02-21T12:30:00Z,Stoke City FC,Leicester City FC,2,2
2026-02-21T12:30:00Z,Swansea City AFC,Bristol City FC,1,0
2026-02-21T12:30:00Z,West Bromwich Albion FC,Coventry City FC,0,2
2026-02-21T15:00:00Z,Middlesbrough FC,Oxford United FC,0,0
2026-02-21T15:00:00Z,Millwall FC,Portsmouth FC,1,3
2026-02-21T15:00:00Z,Norwich City FC,Birmingham City FC,1,2
2026-02-21T15:00:00Z,Southampton FC,Charlton Athletic FC,1,1
2026-02-21T15:00:00Z,Watford FC,Derby County FC,2,0
2026-02-21T15:00:00Z,Wrexham AFC,Ipswich Town FC,5,3
2026-02-22T12:00:00Z,Sheffield United FC,Sheffield Wednesday FC,2,1
2026-02-24T19:45:00Z,Hull City AFC,Derby County FC,4,2
2026-02-24T19:45:00Z,Middlesbrough FC,Leicester City FC,1,1
2026-02-24T19:45:00Z,Swansea City AFC,Preston North End FC,1,1
2026-02-24T19:45:00Z,Watford FC,Ipswich Town FC,0,2
2026-02-24T19:45:00Z,West Bromwich Albion FC,Charlton Athletic FC,1,1
2026-02-24T19:45:00Z,Wrexham AFC,Portsmouth FC,2,1
2026-02-24T19:45:00Z,Blackburn Rovers FC,Bristol City FC,1,2
2026-02-24T20:00:00Z,Southampton FC,Queens Park Rangers FC,5,0
2026-02-25T19:45:00Z,Millwall FC,Birmingham City FC,3,0
2026-02-25T19:45:00Z,Norwich City FC,Sheffield Wednesday FC,2,0
2026-02-25T19:45:00Z,Sheffield United FC,Coventry City FC,1,2
2026-02-25T20:00:00Z,Stoke City FC,Oxford United FC,2,1
2026-02-27T20:00:00Z,Bristol City FC,Watford FC,1,2
2026-02-28T12:30:00Z,Derby County FC,Blackburn Rovers FC,3,1
2026-02-28T12:30:00Z,Leicester City FC,Norwich City FC,0,2
2026-02-28T12:30:00Z,Portsmouth FC,Hull City AFC,0,1
2026-02-28T15:00:00Z,Charlton Athletic FC,Wrexham AFC,0,1
2026-02-28T15:00:00Z,Coventry City FC,Stoke City FC,2,1
2026-02-28T15:00:00Z,Ipswich Town FC,Swansea City AFC,3,0
2026-02-28T15:00:00Z,Oxford United FC,West Bromwich Albion FC,2,1
2026-02-28T15:00:00Z,Preston North End FC,Millwall FC,0,2
2026-02-28T15:00:00Z,Queens Park Rangers FC,Sheffield United FC,0,2
2026-02-28T15:00:00Z,Sheffield Wednesday FC,Southampton FC,1,3
2026-03-02T20:00:00Z,Birmingham City FC,Middlesbrough FC,1,3
2026-03-03T19:45:00Z,Ipswich Town FC,Hull City AFC,1,0
2026-03-06T20:00:00Z,Preston North End FC,Oxford United FC,1,3
2026-03-07T12:30:00Z,Blackburn Rovers FC,Portsmouth FC,1,1
2026-03-07T12:30:00Z,Hull City AFC,Millwall FC,1,3
2026-03-07T15:00:00Z,Bristol City FC,Coventry City FC,0,2
2026-03-07T15:00:00Z,Charlton Athletic FC,Birmingham City FC,1,0
2026-03-07T15:00:00Z,Derby County FC,Sheffield Wednesday FC,2,1
2026-03-07T15:00:00Z,Ipswich Town FC,Leicester City FC,1,1
2026-03-07T15:00:00Z,Sheffield United FC,West Bromwich Albion FC,1,1
2026-03-07T15:00:00Z,Swansea City AFC,Stoke City FC,2,0
2026-03-08T16:30:00Z,Queens Park Rangers FC,Middlesbrough FC,0,4
2026-03-10T19:45:00Z,Leicester City FC,Bristol City FC,2,0
2026-03-10T19:45:00Z,Millwall FC,Derby County FC,1,0
2026-03-10T19:45:00Z,Portsmouth FC,Swansea City AFC,1,2
2026-03-10T19:45:00Z,Sheffield Wednesday FC,Watford FC,1,1
2026-03-10T19:45:00Z,Wrexham AFC,Hull City AFC,1,2
2026-03-10T20:00:00Z,Stoke City FC,Ipswich Town FC,3,3
2026-03-11T19:45:00Z,Birmingham City FC,Queens Park Rangers FC,1,0
2026-03-11T19:45:00Z,Norwich City FC,Sheffield United FC,2,1
2026-03-11T19:45:00Z,Middlesbrough FC,Charlton Athletic FC,0,1
2026-03-11T19:45:00Z,Oxford United FC,Blackburn Rovers FC,1,0
2026-03-11T19:45:00Z,West Bromwich Albion FC,Southampton FC,1,1
2026-03-11T20:00:00Z,Coventry City FC,Preston North End FC,3,0
2026-03-13T20:00:00Z,Wrexham AFC,Swansea City AFC,2,0
2026-03-14T12:30:00Z,Coventry City FC,Southampton FC,1,2
2026-03-14T12:30:00Z,Middlesbrough FC,Bristol City FC,1,1
2026-03-14T12:30:00Z,Oxford United FC,Charlton Athletic FC,1,1
2026-03-14T15:00:00Z,Birmingham City FC,Sheffield United FC,1,1
2026-03-14T15:00:00Z,Leicester City FC,Queens Park Rangers FC,1,3
2026-03-14T15:00:00Z,Millwall FC,Blackburn Rovers FC,1,2
2026-03-14T15:00:00Z,Norwich City FC,Preston North End FC,2,0
2026-03-14T15:00:00Z,Sheffield Wednesday FC,Ipswich Town FC,0,2
2026-03-14T15:00:00Z,Stoke City FC,Watford FC,3,1
2026-03-14T15:00:00Z,West Bromwich Albion FC,Hull City AFC,3,0
2026-03-16T20:00:00Z,Portsmouth FC,Derby County FC,0,1
2026-03-17T19:45:00Z,Watford FC,Wrexham AFC,3,1
2026-03-18T19:45:00Z,Southampton FC,Norwich City FC,1,0
2026-03-20T20:00:00Z,Preston North End FC,Stoke City FC,3,1
2026-03-21T12:30:00Z,Blackburn Rovers FC,Middlesbrough FC,0,0
2026-03-21T12:30:00Z,Derby County FC,Birmingham City FC,1,0
2026-03-21T12:30:00Z,Ipswich Town FC,Millwall FC,1,1
2026-03-21T15:00:00Z,Bristol City FC,West Bromwich Albion FC,0,1
2026-03-21T15:00:00Z,Charlton Athletic FC,Norwich City FC,0,1
2026-03-21T15:00:00Z,Hull City AFC,Sheffield Wednesday FC,3,1
2026-03-21T15:00:00Z,Queens Park Rangers FC,Portsmouth FC,6,1
2026-03-21T15:00:00Z,Sheffield United FC,Wrexham AFC,1,2
2026-03-21T15:00:00Z,Southampton FC,Oxford United FC,2,0
2026-03-21T15:00:00Z,Watford FC,Leicester City FC,0,0
2026-03-21T17:15:00Z,Swansea City AFC,Coventry City FC,0,3
2026-04-03T11:30:00Z,Middlesbrough FC,Millwall FC,1,2
2026-04-03T14:00:00Z,Norwich City FC,Portsmouth FC,1,1
2026-04-03T14:00:00Z,Oxford United FC,Hull City AFC,1,1
2026-04-03T14:00:00Z,Queens Park Rangers FC,Watford FC,2,1
2026-04-03T14:00:00Z,Sheffield United FC,Swansea City AFC,3,3
2026-04-03T14:00:00Z,Stoke City FC,Sheffield Wednesday FC,2,0
2026-04-03T14:00:00Z,West Bromwich Albion FC,Wrexham AFC,2,2
2026-04-03T14:00:00Z,Birmingham City FC,Blackburn Rovers FC,0,1
2026-04-03T14:00:00Z,Charlton Athletic FC,Bristol City FC,1,2
2026-04-03T14:00:00Z,Leicester City FC,Preston North End FC,2,2
2026-04-03T19:00:00Z,Coventry City FC,Derby County FC,3,2
2026-04-06T11:30:00Z,Portsmouth FC,Oxford United FC,2,2
2026-04-06T12:00:00Z,Millwall FC,Norwich City FC,1,2
2026-04-06T14:00:00Z,Blackburn Rovers FC,West Bromwich Albion FC,0,0
2026-04-06T14:00:00Z,Bristol City FC,Sheffield United FC,1,0
2026-04-06T14:00:00Z,Derby County FC,Stoke City FC,2,0
2026-04-06T14:00:00Z,Ipswich Town FC,Birmingham City FC,2,1
2026-04-06T14:00:00Z,Preston North End FC,Queens Park Rangers FC,1,1
2026-04-06T14:00:00Z,Sheffield Wednesday FC,Leicester City FC,1,1
2026-04-06T14:00:00Z,Watford FC,Charlton Athletic FC,1,1
2026-04-06T16:30:00Z,Swansea City AFC,Middlesbrough FC,2,2
2026-04-06T19:00:00Z,Hull City AFC,Coventry City FC,0,0
2026-04-07T19:00:00Z,Wrexham AFC,Southampton FC,1,5
2026-04-10T19:00:00Z,West Bromwich Albion FC,Millwall FC,0,0
2026-04-11T11:30:00Z,Coventry City FC,Sheffield Wednesday FC,0,0
2026-04-11T11:30:00Z,Norwich City FC,Ipswich Town FC,0,2
2026-04-11T11:30:00Z,Queens Park Rangers FC,Bristol City FC,0,0
2026-04-11T14:00:00Z,Charlton Athletic FC,Preston North End FC,1,2
2026-04-11T14:00:00Z,Leicester City FC,Swansea City AFC,0,1
2026-04-11T14:00:00Z,Middlesbrough FC,Portsmouth FC,0,1
2026-04-11T14:00:00Z,Oxford United FC,Watford FC,2,0
2026-04-11T14:00:00Z,Sheffield United FC,Hull City AFC,2,1
2026-04-11T14:00:00Z,Southampton FC,Derby County FC,2,1
2026-04-11T14:00:00Z,Stoke City FC,Blackburn Rovers FC,1,1
